"webokeyword","userid","weibocertification","username","sex","area","userlink","introduce","follows","fans","weibo","intro","label","education","profession","headlink","newtime","website"
"美食","1828872085","微博会员","美食","女","北京，朝阳区","//weibo.com/meishi",,"2496","41万","19773","我爱生活，更爱吃喝！合作微信和QQ均为：8720934","美食控/美食/火锅/减肥/蛋糕/巧克力/小聚/美食达人/甜品下午茶/无辣不欢",,,"https://tva3.sinaimg.cn/crop.0.0.179.179.180/6d025f95jw1ea34lnpkltj2050050jro.jpg","2018-05-04 08:32:46.1460558","https://s.weibo.com/user/%25E7%25BE%258E%25E9%25A3%259F&Refer=SUer_box"
"美食","2140227493","微博个人认证 ","天天美食推荐","女","广东","//weibo.com/325679066","知名美食博主","178","757万","14305","新浪微博最大的美食基地。每天推荐不同的美食做法，尝尽世界美味，感受舌尖上的中国！商务洽谈QQ：896222131","美食控/Food/美食/菜谱/中餐/西餐/面食",,,"https://tvax4.sinaimg.cn/crop.0.0.512.512.180/7f9147a5ly8floqz4q2g3j20e80e8t8x.jpg","2018-05-04 08:32:46.2601251","https://s.weibo.com/user/%25E7%25BE%258E%25E9%25A3%259F&Refer=SUer_box"
"美食","1992523932","微博会员","美食工场","女","福建","//weibo.com/u/1992523932",,"74","467万","37840","美食搬运工，吃货聚集地。公众号：爱与美食学（meishicc）合作请私信","旅行/TASTE/健康养生/特色美食/甜品/美食/烹饪/厨房",,,"https://tva3.sinaimg.cn/crop.0.1.638.638.180/76c3809cjw8fbag43kk7lj20hs0hsgni.jpg","2018-05-04 08:32:46.2961400","https://s.weibo.com/user/%25E7%25BE%258E%25E9%25A3%259F&Refer=SUer_box"
"美食","5590046102","微博个人认证 ","鲜衣美食君","女","北京","//weibo.com/xianyimeishi","知名美食博主","83","618万","6561","美味珍馐，家常小炒，#get√#","美食/自媒体/旅游美食爱好者/爱吃","北京工业大学",,"https://tva1.sinaimg.cn/crop.0.0.413.413.180/0066jglUjw8etpqye89p8j30bh0bhtaw.jpg","2018-05-04 08:32:46.3291752","https://s.weibo.com/user/%25E7%25BE%258E%25E9%25A3%259F&Refer=SUer_box"
"美食","2188014311","微博机构认证","微博美食点评团","女","北京","//weibo.com/676462567","微博美食点评团官方微博","811","438万","16907","吃货的世界没有悲伤。不是在吃，就是在去吃的路上~~每日搜集整理发布各类美食新鲜资讯，欢迎私信投稿",,,,"https://tva1.sinaimg.cn/crop.0.0.180.180.180/826a72e7jw8ew6gvo9mdhj20500503yy.jpg","2018-05-04 08:32:46.3571821","https://s.weibo.com/user/%25E7%25BE%258E%25E9%25A3%259F&Refer=SUer_box"
"美食","1749220481","微博会员","美食健康顾问","男","北京","//weibo.com/502072220",,"198","543万","36148","关注美食、关注健康。","美食/健康/美食控/美食达人/健康生活/健康美食/健康饮食/美食家/美食专家","北京大学","美食健康","https://tvax2.sinaimg.cn/crop.0.0.180.180.180/6842fc81ly8ffo2xqcuamj2050050wed.jpg","2018-05-04 08:32:46.3862146","https://s.weibo.com/user/%25E7%25BE%258E%25E9%25A3%259F&Refer=SUer_box"
"美食","5181464632","微博个人认证 ","365道美食DIY","男","福建","//weibo.com/u/5181464632","知名美食博主","63","411万","40772",,"美食/时尚/美女/美妆/电影/情感两性/星座/菜谱/烘焙",,,"https://tva1.sinaimg.cn/crop.113.0.238.238.180/005EETEcgw1ehfrsefar5j30a906owh3.jpg","2018-05-04 08:32:46.4212384","https://s.weibo.com/user/%25E7%25BE%258E%25E9%25A3%259F&Refer=SUer_box"
"美食","5722634120","微博个人认证 ","美食台foodvideo","男","上海，黄浦区","//weibo.com/foodvideo","微博美食视频博主","275","319万","1938","饿了记得来找我。商务合作微信：yitiao_adQQ：3496097369MAIL：ad@yit.com","美食控/美食爱好者/美食达人/摄影爱好者/摄影/米其林/美食/自媒体/吃喝玩乐",,"上海一条网络科技有限公司","https://tva3.sinaimg.cn/crop.0.0.299.299.180/006fhAykgw1exhy4u4dz9j308c08caal.jpg","2018-05-04 08:32:46.4532612","https://s.weibo.com/user/%25E7%25BE%258E%25E9%25A3%259F&Refer=SUer_box"
"美食","1757142323","微博会员","海外美食家","女","台湾，台北市","//weibo.com/u/1757142323",,"216","683万","99711","世上唯有爱和美食不可辜负！商务合作QQ：2166218176","美食/美食控/美食爱好者/美食狂热爱好者/美食家/美食主义者/美食美酒/美食专家/吃货达人",,,"https://tvax2.sinaimg.cn/crop.0.0.1125.1125.180/68bbdd33ly8ffo406z6hrj20v90v9go8.jpg","2018-05-04 08:32:46.4832818","https://s.weibo.com/user/%25E7%25BE%258E%25E9%25A3%259F&Refer=SUer_box"
"美食","1806910981","微博个人认证 ","美食和旅行","女","北京","//weibo.com/u/1806910981","美食博主","56","507万","81016","爱旅行，爱美食，爱一切美好的东西。它的离尘，纵横开阖，都是命中的那颗舍利子。欢迎关注。","美食/小吃/家常菜/菜谱/旅游/游记攻略/旅游攻略/美食点评/美食控","广东外语外贸大学/广东外语外贸大学","商务合作QQ/295423173","https://tva2.sinaimg.cn/crop.0.0.180.180.180/6bb34605jw1e8qgp5bmzyj2050050aa8.jpg","2018-05-04 08:32:46.5233089","https://s.weibo.com/user/%25E7%25BE%258E%25E9%25A3%259F&Refer=SUer_box"
"美食","2368746162","微博个人认证 ","家常美食精选","女","北京，东城区","//weibo.com/u/2368746162","知名美食博主","96","443万","63734","我是一个吃货~你懂的！投稿合作QQ:2737368976","阅读/看书/健康/时尚/美食","浙江树人大学",,"https://tva2.sinaimg.cn/crop.0.0.180.180.180/8d3032b2jw1e8qgp5bmzyj2050050aa8.jpg","2018-05-04 08:32:46.6173735","https://s.weibo.com/user/%25E7%25BE%258E%25E9%25A3%259F&Refer=SUer_box"
"美食","3694919990","微博个人认证 ","各国美食学起来YOU","女","北京","//weibo.com/u/3694919990","微博知名美食帐号","145","228万","116894","国美食，统统喜欢！请关注@各国美食学起来YOU>>>素材来源互联网，旨在分享","旅游/穿衣美容/星座命理/微博奇葩/新闻趣事",,,"https://tva1.sinaimg.cn/crop.0.0.179.179.180/dc3c0136jw1e7ar7i0obxj2050050q3f.jpg","2018-05-04 08:32:46.6674079","https://s.weibo.com/user/%25E7%25BE%258E%25E9%25A3%259F&Refer=SUer_box"
"美食","2185658800","微博个人认证 ","上海小资美食","女","上海，普陀区","//weibo.com/shbest","知名本地博主 本地资讯博主（上海）","1891","175万","31789",,"小资/美食/上海/吃货/上海美食/上海生活/上海本地/上海宁/吃喝玩乐/上海吃喝玩乐","复旦大学",,"https://tvax2.sinaimg.cn/crop.0.5.750.750.180/824681b0ly8fnqr4v2peij20ku0l5abb.jpg","2018-05-04 08:32:46.6954271","https://s.weibo.com/user/%25E7%25BE%258E%25E9%25A3%259F&Refer=SUer_box"
"美食","1268518877","微博个人认证 ","美食味道菌","女","北京，朝阳区","//weibo.com/meishiweidao001","美食专栏撰稿人 美食视频自媒体","544","536万","15316","吃成一道闪电。合作请QQ987650528","烘焙/厨房/美食达人/下午茶/甜食控/火锅/美食/深夜发吃/养生/吃货",,,"https://tvax3.sinaimg.cn/crop.0.0.512.512.180/4b9c0fddly8fog6dcmastj20e80e8dgl.jpg","2018-05-04 08:32:46.7244341","https://s.weibo.com/user/%25E7%25BE%258E%25E9%25A3%259F&Refer=SUer_box"
"美食","2095326403","微博个人认证 ","美食美客DIY","女","广东，广州","//weibo.com/745207444","知名美食博主 美食美客DIY项目组 主任 美食点评团成员","533","1262万","112928","自媒体账号，美食分享平台，首批美食红博。♡商家推广、投稿合作请私信。合作推广请联系星匠联盟合作QQ：3271207431","时尚/娱乐/生活/吃货/美食控/美食达人/美食瘦身/美食/90后/美食DIY",,,"https://tva3.sinaimg.cn/crop.0.0.180.180.180/7ce424c3jw1e8qgp5bmzyj2050050aa8.jpg","2018-05-04 08:32:46.7544732","https://s.weibo.com/user/%25E7%25BE%258E%25E9%25A3%259F&Refer=SUer_box"
"美食","2219956441","微博个人认证 ","美食零食控","男","北京，东城区","//weibo.com/u/2219956441","知名美食博主","44","126万","7893","美食控、零食控、自觉来报到！一起分享天下美食~|合作QQ：800066203","美食/烘焙/菜谱/减肥食谱/家常菜/DIY美食/烹饪爱好者/健康养生/吃货一枚/零食达人","广东财经大学","上海佳速商务咨询有限公司","https://tva2.sinaimg.cn/crop.0.0.180.180.180/8451d8d9jw1e8qgp5bmzyj2050050aa8.jpg","2018-05-04 08:32:46.8024877","https://s.weibo.com/user/%25E7%25BE%258E%25E9%25A3%259F&Refer=SUer_box"
"美食","5101863971","微博个人认证 ","我与美食的日常","男","其他","//weibo.com/u/5101863971","微博知名博主","256","401万","5222","爱生活，爱美食。",,,,"https://tva4.sinaimg.cn/crop.0.0.610.610.180/005zgTSzgw1ei8qp1iyo7j30h00h0428.jpg","2018-05-04 08:32:46.8345224","https://s.weibo.com/user/%25E7%25BE%258E%25E9%25A3%259F&Refer=SUer_box"
"美食","1906604475",,"美食丶旅行和摄影","男","北京","//weibo.com/u/1906604475",,"22","146万","9795","美食、旅行、摄影","时尚/音乐/旅游/摄影/美食/旅行",,,"https://tva4.sinaimg.cn/crop.0.0.180.180.180/71a479bbjw1e8qgp5bmzyj2050050aa8.jpg","2018-05-04 08:32:46.8685458","https://s.weibo.com/user/%25E7%25BE%258E%25E9%25A3%259F&Refer=SUer_box"
"美食","2505955900","微博个人认证 ","美食诱惑馆","女","广东，广州","//weibo.com/fashiongoods","知名美食博主 美食视频自媒体","171","157万","33260","吃货们在这集合吧，每日为你奉上美味佳肴~合作私信我，蟹蟹","时尚/潮流/折扣/精品/首饰/美食/吃货",,,"https://tva3.sinaimg.cn/crop.0.0.180.180.180/955dda3cjw1e8qgp5bmzyj2050050aa8.jpg","2018-05-04 08:32:46.9035701","https://s.weibo.com/user/%25E7%25BE%258E%25E9%25A3%259F&Refer=SUer_box"
"美食","5814211294","微博个人认证 ","魔力美食","女","北京，东城区","//weibo.com/fdprincess","微博知名美食视频博主","104","292万","1165","魔力美食：每天一条美食视频，心中的美食之爱。魔力TV旗下成员。联系方式magicfood@xinpianchang.com","美食/深夜放毒/吃货/美食联盟/魔力美食/精致/视频/菜谱/快手菜/烘培",,,"https://tvax2.sinaimg.cn/crop.0.0.600.600.180/006ltPXwly1fjy94h77hqj30go0goq57.jpg","2018-05-04 08:32:46.9405826","https://s.weibo.com/user/%25E7%25BE%258E%25E9%25A3%259F&Refer=SUer_box"
"美食","1647910344","微博机构认证","豆果美食","女","北京","//weibo.com/woocaicn","豆果网官方微博","1068","162万","26293","豆果美食是一家发现、分享、交流美食的互动平台，目前发展成为国内家庭厨房领域领先的美食社区及交易平台。","美食/健康/美容/菜谱/美食DIY/烘焙/美食爱好者/瘦身/甜品/厨艺爱好者",,,"https://tva2.sinaimg.cn/crop.45.41.620.620.180/62391dc8jw8ezs0ndmwijj20jw0jwjsv.jpg","2018-05-04 08:32:56.5729845","https://s.weibo.com/user/%25E7%25BE%258E%25E9%25A3%259F&page=2"
"美食","2090591961","微博个人认证 ","美食家大雄","男","北京，东城区","//weibo.com/ichihe","美食专栏作家 微博签约自媒体","2382","537万","24434","一个女儿的父亲，一个妻子的丈夫，两对老人的儿子。生活，美食，简单快乐。","美食/大厨/电商/数码控/作家","北京工业大学","美食家大雄/美食家大雄团队","https://tva2.sinaimg.cn/crop.2.0.636.636.180/7c9be6d9jw8f9zvk0w3tlj20hs0hoq3x.jpg","2018-05-04 08:32:56.6159982","https://s.weibo.com/user/%25E7%25BE%258E%25E9%25A3%259F&page=2"
"美食","1627572147","微博个人认证 ","十全菜谱的美食心情","女","海外，美国","//weibo.com/allrecipes","美国《读者文摘》下属美食网站","150","110万","1492","上十全菜谱的网站http://allrecipes.cn，免费注册成为我们的厨友，分享菜谱，点评菜谱~","美食/烘焙/健康/瘦身/菜谱/甜品/消暑/零食/养生/家常菜",,,"https://tva4.sinaimg.cn/crop.0.0.180.180.180/6102c7b3jw1e8qgp5bmzyj2050050aa8.jpg","2018-05-04 08:32:56.6470189","https://s.weibo.com/user/%25E7%25BE%258E%25E9%25A3%259F&page=2"
"美食","2813469294","微博会员","美食百味馆","女","湖南，长沙","//weibo.com/meishi666",,"300","376万","40653","新浪首席知名美食微博，最IN美食分享，推荐特色美食！一切与美食有关的事，你懂的！投稿合作Q800044026","美食/健康/美食爱好者/旅游美食/吃货",,"微尚网络","https://tvax2.sinaimg.cn/crop.0.0.200.200.180/a7b2226ely8ffo7viikmxj205k05kq2w.jpg","2018-05-04 08:32:56.6760596","https://s.weibo.com/user/%25E7%25BE%258E%25E9%25A3%259F&page=2"
"美食","2650274624","微博会员","教您轻松做美食","女","江苏，南京","//weibo.com/u/2650274624",,"42","76万","6310","学习做饭技巧，尝遍各种美食~~|合作QQ：800066203","美食/做饭是一种享受/素食菜谱/肉食动物/吃货一枚/西餐控/学做菜/红烧肉/喜欢做菜/做菜烧饭","南京大学","吃货大本营","https://tva4.sinaimg.cn/crop.140.115.548.548.180/9df7fb40jw8fazkhk83t5j20nd0rfta2.jpg","2018-05-04 08:32:56.7100624","https://s.weibo.com/user/%25E7%25BE%258E%25E9%25A3%259F&page=2"
"美食","1857870872","微博会员","美食资讯","女","广东","//weibo.com/u/1857870872",,"44","86万","29022","分享天下美食与厨艺，我们的目标是品尽天下美食。合作QQ:800069906收听@美食资讯一起吃遍天下。","宅/时尚/旅行/90后/旅游/美食/听歌/80后/电影/音乐",,,"https://tva2.sinaimg.cn/crop.0.0.180.180.180/6ebcdc18jw1e8qgp5bmzyj2050050aa8.jpg","2018-05-04 08:32:56.7451043","https://s.weibo.com/user/%25E7%25BE%258E%25E9%25A3%259F&page=2"
"美食","1559383255","微博个人认证 ","海外美食作家冰清","女","海外，美国","//weibo.com/bingqing1975","美食专栏作家 微博签约自媒体","987","188万","18996","美国食品营养硕士，从事生物科研工作多年，硅谷创业者。微信号：bingqingfood2015","美食家/文学/健康/营养/减肥/科普/环保/有机/戏剧影视/爱旅游",,,"https://tva3.sinaimg.cn/crop.220.0.444.444.180/5cf24cd7jw8f3zk7tmxmuj20m80gp75f.jpg","2018-05-04 08:32:56.7781219","https://s.weibo.com/user/%25E7%25BE%258E%25E9%25A3%259F&page=2"
"美食","1774168531","微博个人认证 ","蛋糕美食工场","女","北京，朝阳区","//weibo.com/cakemill","知名美食博主","41","626万","40653","好吃的，学起来~欢迎吃货和我一起讨论美食，合作私信","蛋糕/翻糖蛋糕/美食/菜谱/健康饮食","香港中文大學",,"https://tva2.sinaimg.cn/crop.0.0.180.180.180/69bfa9d3jw1e8qgp5bmzyj2050050aa8.jpg","2018-05-04 08:32:56.8091434","https://s.weibo.com/user/%25E7%25BE%258E%25E9%25A3%259F&page=2"
"美食","1005570772","微博个人认证 ","美食达人DIY","女","其他","//weibo.com/u/1005570772","知名美食博主 美食视频自媒体","94","144万","7188","跟我学做菜合作qq：329292503","做饭/菜谱/吃货/健康/私房菜/佳肴/八卦杂谈/美食/吃货一枚/爱生活",,,"https://tva4.sinaimg.cn/crop.0.0.179.179.180/3befcad4gw1eupuczp3kcj2050050mxl.jpg","2018-05-04 08:32:56.8481576","https://s.weibo.com/user/%25E7%25BE%258E%25E9%25A3%259F&page=2"
"美食","3204658137","微博个人认证 ","美食君","女","其他","//weibo.com/730126206","淘女郎认证","82","172万","12447","一只喜欢次蘑菇的吃货","美食达人",,"联系QQ85190480","https://tva2.sinaimg.cn/crop.0.18.187.187.180/bf0333d9jw8eplxzbko09j2057064749.jpg","2018-05-04 08:32:56.8811924","https://s.weibo.com/user/%25E7%25BE%258E%25E9%25A3%259F&page=2"
"美食","1879393492","微博个人认证 ","环球美食之旅","女","江苏，南京","//weibo.com/u/1879393492","微博知名美食帐号 微博签约自媒体","49","110万","18243","不管你在世界的哪个角落，遇见美食，请随手艾特@环球美食之旅，分享美味，分享好心情～","美食/外国/好吃/路边的美食/特色小吃/简单菜谱/民间美食",,"商务合作请联系QQ公众号800064575","https://tvax1.sinaimg.cn/crop.0.0.664.664.180/700544d4ly8flk0c5oblaj20ig0ig759.jpg","2018-05-04 08:32:56.9492704","https://s.weibo.com/user/%25E7%25BE%258E%25E9%25A3%259F&page=2"
"美食","3986933335","微博个人认证 ","美食天天见","女","江苏","//weibo.com/u/3986933335","公共营养师 头条文章作者","452","142万","33582","营养美食，吃遍中国！微博合作加QQ:2636515482","美食控/美食达人/美食爱好者/小吃美食/小吃控","南京大学",,"https://tva4.sinaimg.cn/crop.0.0.180.180.180/eda3c657jw8enyqwcugq2j2050050t8u.jpg","2018-05-04 08:32:56.9742931","https://s.weibo.com/user/%25E7%25BE%258E%25E9%25A3%259F&page=2"
"美食","2086969820",,"各种诱惑美食","女","广东","//weibo.com/keepeating",,"44","92万","28250","喜欢吃，一定不要错过关注我！我是深夜发吃君！你们自己拍的美食可以@我，分享给各位热爱美食的人哦！","娱乐",,"有事请私信/有事请私信","https://tva4.sinaimg.cn/crop.0.0.180.180.180/7c64a1dcjw1e8qgp5bmzyj2050050aa8.jpg","2018-05-04 08:32:56.9993047","https://s.weibo.com/user/%25E7%25BE%258E%25E9%25A3%259F&page=2"
"美食","5545165107","微博个人认证 ","家常美食菜谱大全","女","北京","//weibo.com/u/5545165107","知名美食博主 头条文章作者","86","160万","34842","爱美食爱生活，QQ：2832294718","美食/情感生活/菜谱/健康/养生","北京科技大学",,"https://tva2.sinaimg.cn/crop.0.0.720.720.180/0063gWKTjw8etfhyyu2yfj30k00k0mym.jpg","2018-05-04 08:32:57.0253230","https://s.weibo.com/user/%25E7%25BE%258E%25E9%25A3%259F&page=2"
"美食","1742703365","微博个人认证 ","kiki的DIY美食","女","广东，广州","//weibo.com/lp15kiki","美食撰稿人 微博签约自媒体","1132","97万","9292","资深主妇一枚！工作邮箱:lezuokiki@163.com","美食/旅游/摄影/心灵成长/80后/美食达人/育儿亲子/爱生活爱自己",,,"https://tva1.sinaimg.cn/crop.0.0.1242.1242.180/67df8b05jw8f50a1m4f97j20yi0yi46m.jpg","2018-05-04 08:32:57.0533312","https://s.weibo.com/user/%25E7%25BE%258E%25E9%25A3%259F&page=2"
"美食","1803561660","微博个人认证 ","上海美食攻略","男","上海，浦东新区","//weibo.com/021food","本地资讯博主（上海）http://t.cn/RUmMhZ7","1670","93万","7629","唯一微信公众号：shanghaichihuo，尽量吃最好的，不一定是最贵的，愈难找愈要去找出来~！！欢迎童鞋们提供美食情报~！最好私信！o(*￣▽￣*)ブ","美食/日本料理/吃货/咖啡/小资/上海","复旦大学/上海交通大学",,"https://tva3.sinaimg.cn/crop.0.0.499.499.180/6b802abcgw1e9s0c0ebe5j20dw0dwwfn.jpg","2018-05-04 08:32:57.0833506","https://s.weibo.com/user/%25E7%25BE%258E%25E9%25A3%259F&page=2"
"美食","2040909313","微博个人认证 ","美食环游","女","上海","//weibo.com/jincaimeishihui","知名美食博主","1877","975万","51543","全球美食品鉴，最IN美食分享，推荐特色美食！一切与美食有关的事","美食/智美团/美食控/咖啡/家常菜/烹饪/零食/健康饮食/吃货/爱吃",,,"https://tva1.sinaimg.cn/crop.0.0.180.180.180/79a5ce01jw1e8qgp5bmzyj2050050aa8.jpg","2018-05-04 08:32:57.1253913","https://s.weibo.com/user/%25E7%25BE%258E%25E9%25A3%259F&page=2"
"美食","5205919794","微博个人认证 ","热门美食精选","男","福建","//weibo.com/u/5205919794","知名美食博主","52","121万","48222",,"情感生活/美食/宠物图集/星座运势",,,"https://tva3.sinaimg.cn/crop.30.0.312.312.180/005Gjvyigw1ei5ohmacizj30b408qq5q.jpg","2018-05-04 08:32:57.1564001","https://s.weibo.com/user/%25E7%25BE%258E%25E9%25A3%259F&page=2"
"美食","1853946117","微博机构认证","大众点评网-上海美食","女","上海","//weibo.com/dianpingshanghai","大众点评网上海站","200","29万","7405","专注来源于点评网站精品的美食内容发布~！","美食/吃喝玩乐/上海美食达人/上海/美食控/吃货/时尚/生活/上海美食/娱乐",,,"https://tva3.sinaimg.cn/crop.0.0.180.180.180/6e80f905jw1e8qgp5bmzyj2050050aa8.jpg","2018-05-04 08:32:57.1904235","https://s.weibo.com/user/%25E7%25BE%258E%25E9%25A3%259F&page=2"
"美食","1907416652","微博个人认证 ","美食上海站","女","上海，徐汇区","//weibo.com/u/1907416652","美食上海站 上海微博名人汇成员","230","34万","15655","最接地气儿的美食博主～搜罗上海所有好吃的东西～重度话痨～欢迎大家来看我叨逼叨～嘻嘻^_^","美食/吃/时尚/养身/DIY/甜点/上海",,"商务合作请联系QQ800064575","https://tvax3.sinaimg.cn/crop.3.0.744.744.180/71b0de4cly8flivvg2fluj20ku0komzd.jpg","2018-05-04 08:32:57.2254477","https://s.weibo.com/user/%25E7%25BE%258E%25E9%25A3%259F&page=2"
"美食","5201433975","微博个人认证 ","美食视界","女","北京，东城区","//weibo.com/u/5201433975","知名美食博主","47","211万","14102","看美食菜谱学天下美食投稿合作请私信！","旅游美食/爱美食/美食控/美食",,"新浪网技术（中国）有限公司","https://tva4.sinaimg.cn/crop.0.0.640.640.180/005G0GAnjw8ezbwdfbteej30hs0hswg8.jpg","2018-05-04 08:33:06.2028295","https://s.weibo.com/user/%25E7%25BE%258E%25E9%25A3%259F&page=3"
"美食","1615913053","微博个人认证 ","成都美食","女","四川","//weibo.com/scmeishi","知名美食博主","498","105万","17449","新浪网四川站美食频道，专注美食攻略、文化、特惠、投诉提醒。投稿请@我。","美食/四川美食/成都美食/美食DIY/饮食/餐饮/川菜/团吃/火锅",,,"https://tva1.sinaimg.cn/crop.0.0.180.180.180/6050e05djw1e8qgp5bmzyj2050050aa8.jpg","2018-05-04 08:33:06.2348486","https://s.weibo.com/user/%25E7%25BE%258E%25E9%25A3%259F&page=3"
"美食","2047613403","微博个人认证 ","美食点评员","男","安徽","//weibo.com/u/2047613403","知名美食博主 头条文章作者 微博签约自媒体","345","150万","36157",,"情感/星座/爱旅游/视频/微笑/旅游美食爱好者/爱笑/阳光/爱旅行/幸福",,,"https://tva2.sinaimg.cn/crop.0.0.750.750.180/7a0c19dbjw8evxp5h6ynmj20ku0ku0u2.jpg","2018-05-04 08:33:06.2748761","https://s.weibo.com/user/%25E7%25BE%258E%25E9%25A3%259F&page=3"
"美食","2485565120","微博个人认证 ","全球顶尖美食","女","上海","//weibo.com/u/2485565120","微博知名美食账号","261","247万","33486","全球热门美食推荐！速速来关注吧！","美食/吃货/美食控/做饭/下厨/美味/好吃/90后",,,"https://tva3.sinaimg.cn/crop.111.0.520.520.180/9426b6c0jw8et1gp58x5vj20m80eg41j.jpg","2018-05-04 08:33:06.3018826","https://s.weibo.com/user/%25E7%25BE%258E%25E9%25A3%259F&page=3"
"美食","1159768381","微博个人认证 ","吃货之美食天下","女","广东","//weibo.com/u/1159768381","知名美食博主 微博知名美食帐号","181","751万","90021","我们的理想：吃遍中国小吃和美食，合作请私信！合作QQ:3271207431微博合作推广请联系星匠联盟合作QQ：3271207431","美食/点评",,,"https://tva2.sinaimg.cn/crop.0.0.179.179.180/4520a93dgw1eilfsnq1wej2050050aaa.jpg","2018-05-04 08:33:06.3279132","https://s.weibo.com/user/%25E7%25BE%258E%25E9%25A3%259F&page=3"
"美食","1638990992",,"美食频道","女","台湾，台北市","//weibo.com/sonic",,"858","59万","40324","美食频道给你全新的味觉，搜罗城中至IN美食，时尚人士钟爱的“新煮意”，新生活新美食...微博推广合作请联系-鹅掌门QQ：2636515482","美食/蛋糕/美味/好吃/巧克力/寿司/菜谱","中国人民大学","美女私房菜","https://tva1.sinaimg.cn/crop.0.0.180.180.180/61b10490jw1e8qgp5bmzyj2050050aa8.jpg","2018-05-04 08:33:06.3549282","https://s.weibo.com/user/%25E7%25BE%258E%25E9%25A3%259F&page=3"
"美食","2238236560","微博机构认证","一切与美食有关","男","上海","//weibo.com/u/2238236560","一切与美食有关网(www.92caipu.com)官方微博","21","44万","38817","拴住TA的胃，留住TA的心，吃货们勾搭的地方～～","美食/吃货/健康饮食/菜谱/零食/食物",,,"https://tva3.sinaimg.cn/crop.90.195.566.566.180/8568c790jw8eq9tkbbjgij20iw0sctbc.jpg","2018-05-04 08:33:06.3869531","https://s.weibo.com/user/%25E7%25BE%258E%25E9%25A3%259F&page=3"
"美食","2118199994",,"日本旅游美食大收集","男","上海","//weibo.com/chuguoshengjapan",,"2159","59万","108181","4年半赴日旅遊者围脖即時分享平台,日游实时攻略20个主题,出国省！日本条码比价免费手机app团队","日本/旅游/美食/自由行/自助遊/自助游/签证/机票/攻略/达摩卡",,"为梦想而战！","https://tva4.sinaimg.cn/crop.0.0.180.180.180/7e412abajw1e8qgp5bmzyj2050050aa8.jpg","2018-05-04 08:33:06.4199756","https://s.weibo.com/user/%25E7%25BE%258E%25E9%25A3%259F&page=3"
"美食","2206430561","微博个人认证 ","美食为王","女","广东","//weibo.com/512678775","知名美食博主 美食视频自媒体","165","673万","85722","最早知名美食名博，最IN美食分享地，在这里，品味天下美食~投稿合作请私信。微博合作推广请联系合作QQ：3271207431","美食达人/吃货/美食控/旅游/健康/健康养生/美食/小清新/宅女一枚/听歌",,,"https://tva2.sinaimg.cn/crop.0.0.180.180.180/83837561jw1e8qgp5bmzyj2050050aa8.jpg","2018-05-04 08:33:06.4529985","https://s.weibo.com/user/%25E7%25BE%258E%25E9%25A3%259F&page=3"
"美食","5541345550","微博个人认证 ","美食秘诀","女","北京","//weibo.com/u/5541345550","知名美食博主 头条文章作者 微博签约自媒体","40","144万","19803","每天推荐不同的美食做法，尝尽世界美味，感受舌尖上的中国！加关注吧！合作Q812807070","美食/美食达人/食谱/菜谱/家常菜/西餐","北京影视学院/北京三中","北京美食传媒有限公司","https://tva2.sinaimg.cn/crop.0.21.368.368.180/00630V78jw8f4cpubc7rij30a80be74t.jpg","2018-05-04 08:33:06.4860131","https://s.weibo.com/user/%25E7%25BE%258E%25E9%25A3%259F&page=3"
"美食","1702872420","微博机构认证","上海美食","女","上海","//weibo.com/enjoylifesh","新浪上海吃喝玩乐频道","866","121万","14095","无论你在哪里、无论你在吃什么，只要你愿意与大家分享，就请马上@上海美食吧！编辑：餐厅名称+美食点评+图片+@上海美食","美食/餐厅/上海美食/美食推荐/餐厅推荐",,"新浪上海站","https://tva4.sinaimg.cn/crop.4.4.174.174.180/657fc564jw1emhbegfk02j20500500td.jpg","2018-05-04 08:33:06.5490710","https://s.weibo.com/user/%25E7%25BE%258E%25E9%25A3%259F&page=3"
"美食","5357670210","微博个人认证 ","美食菜谱天天推","男","广西","//weibo.com/u/5357670210","知名美食博主 美食视频自媒体","55","559万","46432","爱生活爱美食","南宁生活/美食达人/美食/菜谱/西餐/中餐/面包/爱生活/爱美食",,,"https://tva3.sinaimg.cn/crop.176.0.683.683.180/005QAeLEjw8eov2myzy29j30sg0izk0d.jpg","2018-05-04 08:33:06.5750889","https://s.weibo.com/user/%25E7%25BE%258E%25E9%25A3%259F&page=3"
"美食","5540681648","微博个人认证 ","999道家常美食","女","广东","//weibo.com/u/5540681648","知名美食博主","267","124万","4983","合作推广加QQ：1432984922","美食达人/做饭/做菜/菜谱/私房菜/美食控/美食/吃货/999道家常美食",,,"https://tva4.sinaimg.cn/crop.0.0.180.180.180/0062Y8p2jw8ezaudxvlvqj3050050wes.jpg","2018-05-04 08:33:06.6021081","https://s.weibo.com/user/%25E7%25BE%258E%25E9%25A3%259F&page=3"
"美食","5669943438","微博个人认证 ","每日美食做法","女","广东","//weibo.com/u/5669943438","知名美食博主","190","119万","18359","好消息，速度加QQ群：663681341新闻上看到的，分享给大家，免费送彩金，可以提现，,记得转发哦[good][赞]","菜谱/中餐/家常菜","广州大学",,"https://tva4.sinaimg.cn/crop.0.0.219.219.180/006bIviCjw8f0z0iv0c37j3064064t8n.jpg","2018-05-04 08:33:06.6291321","https://s.weibo.com/user/%25E7%25BE%258E%25E9%25A3%259F&page=3"
"美食","1682650430","微博会员","美食评论家","男","上海，黄浦区","//weibo.com/shengdayule",,"1195","962万","120681","美食评论家告诉你“吃”也是有讲究的呦O(∩_∩)O哈哈~~‖‖‖❤●商务洽谈QQ：2968870499，邮箱：vvstar@inmyshow.com","美食/营养/餐饮/旅游/旅行/80后/品尝/食品/健康",,"北京美食/Q2968870499","https://tva4.sinaimg.cn/crop.0.0.180.180.180/644b353ejw1e8qgp5bmzyj2050050aa8.jpg","2018-05-04 08:33:06.6581334","https://s.weibo.com/user/%25E7%25BE%258E%25E9%25A3%259F&page=3"
"美食","2154212385","微博个人认证 ","育儿美食团","女","海外","//weibo.com/2154212385","育儿专栏作者，育儿名博， 微博签约自媒体","118","195万","11430","喜欢美食育儿方面的看过来O(∩_∩)O~~合作请私信！QQ987650528","吃喝玩乐/美食爱好者/爱美食/美食控/亲子教育/育儿亲子/育儿健康/育儿交流/早教/儿童饮食",,,"https://tva2.sinaimg.cn/crop.340.0.500.500.180/8066ac21jw8fao29ks3efj20p00dwjrz.jpg","2018-05-04 08:33:06.6851645","https://s.weibo.com/user/%25E7%25BE%258E%25E9%25A3%259F&page=3"
"美食","2138208853","微博会员","韩美食","女","海外，韩国","//weibo.com/koreafood",,"34","274万","7100","美食餐厅推广请私信","韩国/韩国行/韩国美食/韩国料理/健康",,,"https://tva1.sinaimg.cn/crop.0.0.180.180.180/7f727a55jw1e8qgp5bmzyj2050050aa8.jpg","2018-05-04 08:33:06.7161860","https://s.weibo.com/user/%25E7%25BE%258E%25E9%25A3%259F&page=3"
"美食","2120451403",,"家常菜美食菜谱大全","女","上海，静安区","//weibo.com/cfdr",,"70","34万","4937","做菜大全，家常菜做法，美食图片，美食菜谱大全，！","厨房/甜品/菜谱/私房菜/煲汤/家常菜/菜谱大全/美食图片/美食/家常菜谱",,,"https://tvax2.sinaimg.cn/crop.3.2.175.175.180/7e63854bly8ffz1fhbtyvj20500503yr.jpg","2018-05-04 08:33:06.7472075","https://s.weibo.com/user/%25E7%25BE%258E%25E9%25A3%259F&page=3"
"美食","1642625033","微博机构认证","美食天下","女","北京，朝阳区","//weibo.com/meishichina","原创菜谱与美食生活社区，我所有的朋友都是吃货！","1000","63万","31446","美食天下是最大的中文美食网站，这里汇聚了数百万美食同好，欢迎大家一起参与-------我所有的朋友都是吃货！","美食/菜谱/烹饪/厨艺/做饭/食谱/美食爱好者/厨房/菜谱网/美食网",,,"https://tva4.sinaimg.cn/crop.0.0.664.664.180/61e87809jw8f7t3x6jrlej20ig0igweu.jpg","2018-05-04 08:33:06.7802304","https://s.weibo.com/user/%25E7%25BE%258E%25E9%25A3%259F&page=3"
"美食","1212641822","微博个人认证 ","潦倒文人路边美食达人朱学东","男","北京","//weibo.com/zhuxuedong","媒体人 微博签约自媒体","1998","393万","58060","学校-机关-报纸-杂志-调查公司-杂志；江苏-北京-广州-北京。人生下半场，诗书酒相随","路边美食达人/潦倒落魄文人/江南酒徒",,,"https://tva1.sinaimg.cn/crop.0.0.180.180.180/4847721ejw1e8qgp5bmzyj2050050aa8.jpg","2018-05-04 08:33:06.8132529","https://s.weibo.com/user/%25E7%25BE%258E%25E9%25A3%259F&page=3"
"美食","1879589254","微博个人认证 ","福州美食情报员","男","福建，福州","//weibo.com/577331787","本地资讯博主（福州） 美食视频自媒体","3215","53万","13630","合作QQ22889783;发的每一条都是广告；但绝不删评论；忠告：体验前建议参考网友评论","美食/福州美食/吃货/福州那点事儿/福州宵夜/福州甜品/福州大学/福州万达/福州小吃/福州旅游","福州大学/福建医科大学/福建信息职业技术学院/福建师范大学/福建工程学院/福建农林大学/福建华南女子职业学院/福州二中/福州一中/福州第三中学/福州四中/福州八中/福州实验小学/福州高级中学/福州屏东中学...",,"https://tva2.sinaimg.cn/crop.0.0.180.180.180/70084186jw8farhlwkfdtj2050050aa1.jpg","2018-05-04 08:33:18.3385605","https://s.weibo.com/user/%25E7%25BE%258E%25E9%25A3%259F&page=4"
"美食","3165126063","微博会员","美食诱惑坊","女","北京，东城区","//weibo.com/u/3165126063",,"129","239万","10431","吃货们在这集合吧。每日为你奉上美味佳肴(合作扣扣:1904815684tel:13362737668)｡◕‿◕｡","旅游/星座命理",,,"https://tva4.sinaimg.cn/crop.0.0.179.179.180/bca7fdafgw1ekhkps65b1j2050050dg4.jpg","2018-05-04 08:33:18.3745676","https://s.weibo.com/user/%25E7%25BE%258E%25E9%25A3%259F&page=4"
"美食","3463207204","微博个人认证 ","美食菜谱家","男","北京","//weibo.com/234962105","美食博主 美食视频自媒体","399","773万","61383","推荐中华美食，弘扬中国菜谱文化！本博内容大部分来源搬运于新浪微博。QQ：2832294718","浙菜/私家菜谱/凉菜美食菜谱/名菜美食菜谱/浙菜美食菜谱/小吃美食/西餐面点美食/菜谱/家常菜/粤菜美食菜谱","北京师范大学","美食广场","https://tva3.sinaimg.cn/crop.0.22.664.664.180/ce6c5924jw8eqlfuw3pzzj20ig0jpmzo.jpg","2018-05-04 08:33:18.4005969","https://s.weibo.com/user/%25E7%25BE%258E%25E9%25A3%259F&page=4"
"美食","1751161655","微博个人认证 ","文怡美食生活馆","女","北京，朝阳区","//weibo.com/wenyifood","湖南卫视《好好生活》主持人，美食畅销书作家，文怡创办的“文怡美食生活馆” 头条文章作者 微博签约自媒体","457","33万","8736","电话：010-84765173地址：北京朝阳湖光桥北京香颂2号楼2006室淘宝店：http://wenyikitchen.taobao.com/www.wenyikitchen.com/","烘焙/中餐/西餐/文怡/甜品/美食生活馆/DIY/亲子课堂",,,"https://tva4.sinaimg.cn/crop.0.0.180.180.180/68609b37jw1e8qgp5bmzyj2050050aa8.jpg","2018-05-04 08:33:18.4266021","https://s.weibo.com/user/%25E7%25BE%258E%25E9%25A3%259F&page=4"
"美食","2436213571","微博机构认证","BTV美食地图","男","北京，海淀区","//weibo.com/u/2436213571","北京电视台生活频道《美食地图》官方微博","376","53万","7234","北京电视台生活频道2012重磅出击！播出时间：每周六、日18点00分BTV生活频道","美食/电视",,,"https://tva4.sinaimg.cn/crop.0.0.1080.1080.180/9135ab43jw8epfm1vgn2mj20u00u0jtu.jpg","2018-05-04 08:33:18.4546213","https://s.weibo.com/user/%25E7%25BE%258E%25E9%25A3%259F&page=4"
"美食","1198788577",,"北京美食攻略","女","北京","//weibo.com/210102293",,"2319","29万","3680","吃饭就是我一生中最重要的事~吃货的人生不需要解释~","分享/美食/玩儿/旅行/电影/音乐/大学/北京",,"有态度的分享美食！","https://tva1.sinaimg.cn/crop.0.0.512.512.180/47740fe1jw1e9sjr14sahj20ec0ebjt5.jpg","2018-05-04 08:33:18.4826406","https://s.weibo.com/user/%25E7%25BE%258E%25E9%25A3%259F&page=4"
"美食","1604533457",,"美食菜谱家常菜谱大全","男","广东，广州","//weibo.com/bbecc",,"173","38万","97216","自游致在的美食菜谱微博","美食爱好者/美食控/爱美食/视频/美食","广州大学/江门市实验小学/河南初级中学/新会冈州中学/广东省科技干部学院","家常菜谱/家常菜谱","https://tvax4.sinaimg.cn/crop.0.591.2048.2048.180/5fa33cd1ly8fqgjz1lfb7j21kw23v1kx.jpg","2018-05-04 08:33:18.5126743","https://s.weibo.com/user/%25E7%25BE%258E%25E9%25A3%259F&page=4"
"美食","2396286111","微博个人认证 ","北京美食探店","男","北京，东城区","//weibo.com/bjshdh","知名美食博主 美食视频自媒体","600","159万","6068","吃饭不积极，思想有问题！在北京吃饭跟我走！QQ2320035753","北京美食/美食",,,"https://tva2.sinaimg.cn/crop.0.0.180.180.180/8ed46c9fjw1e8qgp5bmzyj2050050aa8.jpg","2018-05-04 08:33:18.5437849","https://s.weibo.com/user/%25E7%25BE%258E%25E9%25A3%259F&page=4"
"美食","6088522679","微博个人认证 ","Tastemade美食","女","北京，东城区","//weibo.com/u/6088522679","微博美食视频博主 知名美食博主 美食视频自媒体 微博签约自媒体","108","69万","941","一个热情的美食记录者，让美食纤毫毕现；从中国到世界，与你一起品味此刻。",,,,"https://tva4.sinaimg.cn/crop.0.0.512.512.180/006E2OSHjw8fc45xzecd6j30e80e8jrs.jpg","2018-05-04 08:33:18.5807978","https://s.weibo.com/user/%25E7%25BE%258E%25E9%25A3%259F&page=4"
"美食","1141140473","微博机构认证","中华美食频道","女","山东，青岛","//weibo.com/foodtv","中华美食频道","1460","177万","14683","中华美食频道是目前亚洲最大的专业美食电视播出机构，通过卫星覆盖亚洲。中华美食频道在中国国内覆盖400多座城市，约1.34亿家庭用户。","美女/明星/美食节目/手机电视/美食/时尚/旅游/美容健康养生/烹饪/中华美食频道",,"青岛广电中视文化有限公司","https://tva4.sinaimg.cn/crop.0.0.180.180.180/44046bf9jw1e8qgp5bmzyj2050050aa8.jpg","2018-05-04 08:33:18.6128198","https://s.weibo.com/user/%25E7%25BE%258E%25E9%25A3%259F&page=4"
"美食","5490722862","微博个人认证 ","美食的魔力","女","上海","//weibo.com/u/5490722862","美食视频自媒体","43","105万","4511","一个只为美食而活的超级知食分子","吃货/美食/爱吃","上海交通大学/北京二十四中",,"https://tva2.sinaimg.cn/crop.0.0.475.475.180/005ZAvQagw1f2147kqef0j30dw0dajsg.jpg","2018-05-04 08:33:18.6708724","https://s.weibo.com/user/%25E7%25BE%258E%25E9%25A3%259F&page=4"
"美食","3914131564","微博个人认证 ","韩国美食推荐","女","海外，韩国","//weibo.com/youaimeishi1314","知名本地博主 海外资讯博主（韩国） 资讯视频博主","44","115万","9223","生活在韩国的吃货，分享一般人找不到的美食！","韩国生活/名人明星","Korea/University",,"https://tva1.sinaimg.cn/crop.0.0.220.220.180/e94ce86cjw8esxjbv3x7ug2064064ak1.gif","2018-05-04 08:33:18.6978780","https://s.weibo.com/user/%25E7%25BE%258E%25E9%25A3%259F&page=4"
"美食","2242389770","微博个人认证 ","南京美食","女","江苏","//weibo.com/372660789","知名本地博主 本地资讯博主（南京）","583","200万","17140","南京小资生活第一站，每日更新南京最新、最小资、最热门、最有情调的美食生活资讯！私人微信号：njtt025","南京美食/南京吃货/南京小吃/南京吃喝玩乐/南京美食推荐/南京餐厅推荐/南京美食资讯/南京生活",,"QQ3434125922","https://tvax1.sinaimg.cn/crop.16.0.1093.1093.180/85a8270aly8fmg2tfcgesj20v90udgop.jpg","2018-05-04 08:33:18.7238959","https://s.weibo.com/user/%25E7%25BE%258E%25E9%25A3%259F&page=4"
"美食","2300267615","微博机构认证","微美食","女","北京，海淀区","//weibo.com/food","微美食官方微博","510","56万","13168","新浪微美食官方微博，最火的美食分享社区。微美食会员代金券：food.weibo.com/?weibotui可购买价格最低的代金券哦。雅座，提供技术支持。合作请私信","美食/分享美食/餐饮/餐厅/发现美食/微美食/美食达人/美食控",,,"https://tva4.sinaimg.cn/crop.0.0.180.180.180/891b4c5fjw1e8qgp5bmzyj2050050aa8.jpg","2018-05-04 08:33:18.7509155","https://s.weibo.com/user/%25E7%25BE%258E%25E9%25A3%259F&page=4"
"美食","3266142652","微博个人认证 ","美食菜谱视频","女","上海","//weibo.com/u/3266142652","知名美食博主 美食视频自媒体","83","101万","19522","精选各类DIY美食视频，分享美食带来的快乐！爱美食，爱生活，欢迎您的关注！Q:253278474","美食/吃货/健康/美食视频/吃/生活/美食达人/美食控","南京大学","美食餐饮","https://tva1.sinaimg.cn/crop.0.0.996.996.180/c2ad61bcjw8f3h60j8yebj20ro0rodh3.jpg","2018-05-04 08:33:18.7769321","https://s.weibo.com/user/%25E7%25BE%258E%25E9%25A3%259F&page=4"
"美食","2040119035","微博机构认证","天津美食探店","女","天津","//weibo.com/022food","《美食探店》杂志-天津版官方微博","2686","184万","24938","天津美食探店官方微博，挖掘天津美食圈第一手独家情报！活动合作/微博投稿可私信！","吃喝玩乐/吃货/美食/天津味/煎饼果子/好吃的/天津美食/天津卫/美食探店情报员",,,"https://tva4.sinaimg.cn/crop.2.4.187.187.180/7999befbjw1fadipp7s29j205k05k0sw.jpg","2018-05-04 08:33:18.8059658","https://s.weibo.com/user/%25E7%25BE%258E%25E9%25A3%259F&page=4"
"美食","3174997853","微博个人认证 ","美食君的菜谱","女","其他","//weibo.com/53774024","知名美食博主","4","166万","8320","微博知名美食博主","美食","北京大学","晓君传媒合作QQ85190480","https://tva3.sinaimg.cn/crop.76.0.1014.1014.180/bd3e9f5djw8f3o98d77jqj20xc0s6adm.jpg","2018-05-04 08:33:18.8349847","https://s.weibo.com/user/%25E7%25BE%258E%25E9%25A3%259F&page=4"
"美食","2336805301","微博达人","美食酱的手工厨房","女","其他","//weibo.com/u/2336805301",,"146","62万","286767","跟我一起学美食","明星/美食/菜谱/做饭/评论/娱乐/媒体",,,"https://tva1.sinaimg.cn/crop.0.0.405.405.180/8b48d1b5gw1f6ubjg77n2j20bb0cf0v5.jpg","2018-05-04 08:33:18.8639925","https://s.weibo.com/user/%25E7%25BE%258E%25E9%25A3%259F&page=4"
"美食","1901100733",,"九图说美食","女","北京，东城区","//weibo.com/u/1901100733",,"77","29万","52036","每天按时发布美食，欢迎关注~商务洽谈QQ：2875217455","美图/美食/舌尖",,,"https://tva3.sinaimg.cn/crop.70.35.595.595.180/71507ebdjw8exr3k93liuj20jg0jg0tx.jpg","2018-05-04 08:33:18.8980155","https://s.weibo.com/user/%25E7%25BE%258E%25E9%25A3%259F&page=4"
"美食","5971792547","微博个人认证 ","美食苔","男","广东","//weibo.com/u/5971792547","知名美食博主","41","59万","5751","唯美食与爱不可辜负",,,,"https://tva1.sinaimg.cn/crop.0.198.700.700.180/006w922Djw8f5y1uaj8a9j30jg0sfq5a.jpg","2018-05-04 08:33:18.9300506","https://s.weibo.com/user/%25E7%25BE%258E%25E9%25A3%259F&page=4"
"美食","1746697665","微博机构认证","厦门美食","女","福建，厦门","//weibo.com/xmfood","新浪厦门美食频道官方微博","1670","53万","25055","小浪美食君走街串巷，带你吃遍地道厦门美食。分享＋投稿，任性@厦门美食哦！推广合作，可私信本博ὠ","厦门美食/厦门小吃/厦门吃透透/吃喝/食客/美食/闽南美食/美食推荐/创意美食/美食团",,,"https://tva4.sinaimg.cn/crop.2.0.167.167.180/681c7dc1jw1e82df60leaj204s04ojrt.jpg","2018-05-04 08:33:27.9263061","https://s.weibo.com/user/%25E7%25BE%258E%25E9%25A3%259F&page=5"
"美食","2917528380","微博个人认证 ","健康美食为王","女","上海，黄浦区","//weibo.com/heijiam","知名美食博主","357","66万","4861","每天推荐不同的美食做法，尝尽世界美味","美食/美食控/美食爱好者/美食达人",,"合作扣扣2041167277","https://tvax3.sinaimg.cn/crop.3.0.117.117.180/ade5f33cgy1fdff2pabefj203l03lwej.jpg","2018-05-04 08:33:27.9723369","https://s.weibo.com/user/%25E7%25BE%258E%25E9%25A3%259F&page=5"
"美食","1853995985","微博机构认证","大众点评网-广州美食","男","广东，广州","//weibo.com/dianpinggz","大众点评网广州站","913","13万","7531","来自点评网的最新最in美食信息推荐，带你食遍广州~！欢迎粉丝爆料哦~！商务推广请洽商户热线：10100107工作时间：周一至周日9:00-21:00​","吃喝玩乐/广州/享乐生活/广州美食",,,"https://tva2.sinaimg.cn/crop.0.0.180.180.180/6e81bbd1jw1e8qgp5bmzyj2050050aa8.jpg","2018-05-04 08:33:27.9963550","https://s.weibo.com/user/%25E7%25BE%258E%25E9%25A3%259F&page=5"
"美食","6161772743","微博机构认证","微博美食台","女","北京","//weibo.com/u/6161772743","微博美食官方微博","124","85万","1075",,"美食/生活方式",,,"https://tvax3.sinaimg.cn/crop.0.0.750.750.180/006J0azlly8fgu3jezamfj30ku0kudgd.jpg","2018-05-04 08:33:28.0193694","https://s.weibo.com/user/%25E7%25BE%258E%25E9%25A3%259F&page=5"
"美食","1853962447","微博机构认证","大众点评网-北京美食","女","北京","//weibo.com/u/1853962447","大众点评网北京站","1070","13万","7760","发掘美食，分享美食，做快乐的小吃货！点评网：http://s.dianping.com/beijing/group","美食/美食达人/美食控/北京美食/美食爱好者/美食DIY/美食主义/旅游/电影/音乐",,,"https://tva2.sinaimg.cn/crop.0.0.180.180.180/6e8138cfjw1e8qgp5bmzyj2050050aa8.jpg","2018-05-04 08:33:28.0453873","https://s.weibo.com/user/%25E7%25BE%258E%25E9%25A3%259F&page=5"
"美食","1691703935","微博个人认证 ","女人爱美食","女","上海","//weibo.com/u/1691703935","知名美食博主 美食视频自媒体","65","860万","124806","零食无罪，吃货万岁！商务洽谈QQ：2378557758","旅行/电影/音乐/学生/摄影/看书/美剧/穿衣美容/美食/美食达人",,,"https://tva2.sinaimg.cn/crop.0.0.180.180.180/64d55a7fjw1e8qgp5bmzyj2050050aa8.jpg","2018-05-04 08:33:28.0714051","https://s.weibo.com/user/%25E7%25BE%258E%25E9%25A3%259F&page=5"
"美食","1671619793","微博机构认证","美食文艺饭","男","山东，青岛","//weibo.com/526751237","青岛旨味生物科技有限公司","2668","34万","14","不同饭香，菜有回香","厨房/美食/厨娘/菜谱/淘宝网/网购/团购/养生/黑蒜/电子商务",,"淘宝","https://tva4.sinaimg.cn/crop.0.0.180.180.180/63a2e4d1jw1e8qgp5bmzyj2050050aa8.jpg","2018-05-04 08:33:28.0994244","https://s.weibo.com/user/%25E7%25BE%258E%25E9%25A3%259F&page=5"
"美食","2100200262",,"美食丶旅行丶摄影","女","其他","//weibo.com/u/2100200262",,"4","24万","18059","爱美食，爱旅行，爱摄影。图片均无水印，欢迎关注！","90后/80后/摄影/旅行/美食/旅游",,,"https://tva1.sinaimg.cn/crop.0.0.180.180.180/7d2e8346jw1e8qgp5bmzyj2050050aa8.jpg","2018-05-04 08:33:28.1284441","https://s.weibo.com/user/%25E7%25BE%258E%25E9%25A3%259F&page=5"
"美食","1233176253","微博机构认证","新浪广东美食","女","广东，广州","//weibo.com/gdeat","新浪广东美食官方微博","1645","67万","39607","专注健康美食、美食特惠、投诉提醒。投稿请私信或@我。鲜城广州：http://guangzhou.51xiancheng.com美食频道：http://eat.gd.sina.com.cn","健康饮食/优惠/厨艺/美食报料/美食DIY/美食联盟/鲜城广州",,"北京新浪互联信息服务有限公司/北京新浪互联信息服务有限公司","https://tva3.sinaimg.cn/crop.0.0.179.179.180/4980c6bdtw1ee2eznb1lzj20500510t5.jpg","2018-05-04 08:33:28.1604661","https://s.weibo.com/user/%25E7%25BE%258E%25E9%25A3%259F&page=5"
"美食","1774139105","微博个人认证 ","美食达人TATA","男","广东，广州","//weibo.com/tataweibo","知名美食博主 头条文章作者","1947","281万","14061","TA叔被誉为广州NO.1美食KOL。2017年华南最受欢迎美食KOL，2016年最具影响力美食自媒体，佳能华南摄影老师…“吃货精神胜在分享”，仅此而已。：）","美食/美味/笋野/吃货/餐饮/原创/食评",,,"https://tvax3.sinaimg.cn/crop.0.0.512.512.180/69bf36e1ly8fo4ebtig8gj20e80e8wf6.jpg","2018-05-04 08:33:28.1924881","https://s.weibo.com/user/%25E7%25BE%258E%25E9%25A3%259F&page=5"
"美食","1763431284","微博个人认证 ","长沙美食团","男","湖南，长沙","//weibo.com/csmeishi","本地资讯博主（长沙）","2438","70万","27941","好恰鬼大本营，长沙八千家餐厅小吃、美食图片大众点评，任您搜索！爱长沙，爱美食，就请关注我！有好吃的记得@我~◆合作联系电话：15580804566","餐厅咖啡馆宵夜/好吃美味零食控/西餐料理巧克力/餐饮饮食自助餐/蛋糕小吃甜品控/吃货DIY菜谱/湖南美食控湘菜/长沙好呷鬼探店/长沙美食攻略/微信csmeishi","中南大学/湖南大学/长沙市一中/长沙理工大学/湖南商学院/湖南农业大学/长沙学院/中南林业科技大学/雅礼中学/湖南师范大学/长郡中学","每个人来写每个人所用/湖南长沙餐厅美食大全/微信csmeishi","https://tva2.sinaimg.cn/crop.0.0.179.179.180/691bd374gw1edjujc4bjoj2050050mxf.jpg","2018-05-04 08:33:28.2475261","https://s.weibo.com/user/%25E7%25BE%258E%25E9%25A3%259F&page=5"
"美食","1745539094","微博会员","美食酱的私房菜谱","女","四川，成都","//weibo.com/u/1745539094",,"1563","30万","263877","我是你的私房小厨。","时尚/美妆/八卦/评论/明星/美食/健身/萌宠/娱乐",,,"https://tva3.sinaimg.cn/crop.0.41.424.424.180/680ad016gw1f6ug42lhx7j20gg0ggaff.jpg","2018-05-04 08:33:28.2695412","https://s.weibo.com/user/%25E7%25BE%258E%25E9%25A3%259F&page=5"
"美食","2137665200",,"成都美食排行榜","女","四川，成都","//weibo.com/cdmsphb",,"1828","24万","30494","商务合作QQ:2257534146","成都美食/成都餐饮/联合爱/成都生活/成都新闻/成都旅游/成都/成都人/美食","四川大学","成都联众立爱有限公司","https://tva2.sinaimg.cn/crop.5.3.192.192.180/7f6a2eb0gw1em6wy9f6iwj205k05kmxj.jpg","2018-05-04 08:33:28.2925568","https://s.weibo.com/user/%25E7%25BE%258E%25E9%25A3%259F&page=5"
"美食","2238257864","微博个人认证 ","美食日志","女","北京，东城区","//weibo.com/u/2238257864","知名美食博主 美食视频自媒体","675","814万","77609","商务洽谈QQ：297906068","美食爱好者/吃/美食达人/美食主义者/吃货一枚/美食/美酒/咖啡/品美食/吃货","北京民族大学",,"https://tva4.sinaimg.cn/crop.0.0.512.512.180/85691ac8jw8enxbkkg9qxj20e80e8mxm.jpg","2018-05-04 08:33:28.3165733","https://s.weibo.com/user/%25E7%25BE%258E%25E9%25A3%259F&page=5"
"美食","2105962390","微博会员","美食合肥","女","安徽","//weibo.com/meishihefei",,"518","72万","16420","微信公众号是同名。小编个人V信：meishihefei2QQ1528587970","合肥小吃/合肥美食/美食达人/步行街/官亭路/职业吃货/美食博主/大学城/美食合肥/苍蝇馆子",,,"https://tva2.sinaimg.cn/crop.0.0.750.750.180/7d866f96jw8f9gmbooofej20ku0ku0tw.jpg","2018-05-04 08:33:28.3395893","https://s.weibo.com/user/%25E7%25BE%258E%25E9%25A3%259F&page=5"
"美食","6150029604",,"精分少女爱美食","女","北京，房山区","//weibo.com/u/6150029604",,"88","27万","2454","小仙女们，一起吃吃吃！","美食/吃货/时尚","杭州传媒大学",,"https://tvax3.sinaimg.cn/crop.29.0.412.412.180/006IcTDSly8fhg1dxnv67j30dz0bj79e.jpg","2018-05-04 08:33:28.3656072","https://s.weibo.com/user/%25E7%25BE%258E%25E9%25A3%259F&page=5"
"美食","2816792060","微博个人认证 ","成都旅游美食攻略","男","四川","//weibo.com/u/2816792060","本地资讯博主（成都）http://t.cn/RUmMhZ7 头条文章作者","1803","87万","14007","成都最有影响力|生活资讯|美食游记|旅游攻略|旅游约伴|旅游直播|网友投稿直接私信【推广合作爆料QQ1099375978、微号：hitonny】","自助游/攻略/露营/户外活动/穷游/旅行/便宜机票/户外运动/网站",,"微博大观/合作QQ1471962210","https://tvax2.sinaimg.cn/crop.160.99.306.306.180/a7e4d5fcly8fjnhd5bd0vj20gy0du406.jpg","2018-05-04 08:33:28.3946269","https://s.weibo.com/user/%25E7%25BE%258E%25E9%25A3%259F&page=5"
"美食","1797359414",,"深圳美食攻略","男","广东，深圳","//weibo.com/0755i",,"1837","17万","4614","吃饭就是我一生中最重要的事~吃货的人生不需要解释~怎么着吧~","深圳生活/深圳大小事/深圳学生/深圳打折/深圳爆料/深圳吃货/香港美食/深圳美食",,,"https://tva1.sinaimg.cn/crop.0.0.180.180.180/6b218736jw1e8qgp5bmzyj2050050aa8.jpg","2018-05-04 08:33:28.4236474","https://s.weibo.com/user/%25E7%25BE%258E%25E9%25A3%259F&page=5"
"美食","2304042662","微博个人认证 ","成都美食榜","女","四川，成都","//weibo.com/chengdumsb","本地资讯博主（成都）http://t.cn/RUmMhZ7 美食视频自媒体","1591","83万","17888","公号“成都美食”（mschengdu）成都本地美食博主","80后/90后/学生/美食/好吃嘴/成都/火锅/串串香/烧烤/蛋烘糕",,"成都新橙互动科技有限公司","https://tvax4.sinaimg.cn/crop.0.0.500.500.180/8954e6a6ly8fgzk2g1zzvj20dw0dwdgz.jpg","2018-05-04 08:33:28.4606723","https://s.weibo.com/user/%25E7%25BE%258E%25E9%25A3%259F&page=5"
"美食","1251694322","微博个人认证 ","菁制美食","女","其他","//weibo.com/jingzhimeishi","资深美食家，《女子七彩厨坊丛书》作者 微博签约自媒体","1602","65万","32723","新西兰易极优酸奶代理，新西兰蜂蜜代理。菁制美食淘宝网店：http://shop59273452.taobao.com/","美食/菁制美食/易极优酸奶/烘焙/新西兰/菁制美食淘宝店",,,"https://tva4.sinaimg.cn/crop.0.0.640.640.180/4a9b56f2jw8enmcwtuianj20hs0hs75i.jpg","2018-05-04 08:33:28.4906929","https://s.weibo.com/user/%25E7%25BE%258E%25E9%25A3%259F&page=5"
"美食","3672637051","微博个人认证 ","_慧绘美食记_","女","北京，朝阳区","//weibo.com/hhmsj","知名美食博主 下厨房优秀美食达人","149","29万","1173","心之所向，素履以往~","美食",,,"https://tvax4.sinaimg.cn/crop.105.78.760.760.180/dae7fe7bly8fmuadweio1j20r60r6tbk.jpg","2018-05-04 08:33:34.7690765","https://s.weibo.com/user/%25E7%25BE%258E%25E9%25A3%259F&page=6"
"美食","2291426140","微博个人认证 ","昆明美食联盟","女","云南，昆明","//weibo.com/kunmingmeishi","本地资讯博主（昆明）http://t.cn/RUmMhZ7 头条文章作者","248","40万","32314","爱昆明｜爱生活｜爱美食合作电话：18687566651","美食/昆明/吃货/云南/折扣/优惠/昆明美食/云南美食",,,"https://tva4.sinaimg.cn/crop.0.0.533.533.180/8894635cgw1el9qejqvehj20eu0eu40y.jpg","2018-05-04 08:33:34.8180980","https://s.weibo.com/user/%25E7%25BE%258E%25E9%25A3%259F&page=6"
"美食","1757220135","微博机构认证","美食杰网","女","北京","//weibo.com/meishij","菜谱、健康、美食互联网站 美食杰网官方微博","655","51万","26949","美食杰，公众微信meishi-cc|投稿邮箱：xinmeiti@meishi.cc|如果你不知道做什么，你就做饭","美食/厨房小白",,,"https://tva2.sinaimg.cn/crop.100.27.950.950.180/68bd0d27jw8exq8p8mjv8j20uk0uk0vp.jpg","2018-05-04 08:33:34.8441159","https://s.weibo.com/user/%25E7%25BE%258E%25E9%25A3%259F&page=6"
"美食","1725942280","微博机构认证","美食与美酒杂志","男","北京，朝阳区","//weibo.com/foodandwine","《美食与美酒》杂志官方微博","164","104万","7313","《美食与美酒》于2006年创刊，美国运通出版集团旗下《FOOD&amp;amp;WINE》全球唯一资源共享伙伴，中国生活方式类媒体第一品牌。","餐厅/威士忌/厨师/美食/旅游/葡萄酒/美食家/杂志/Best50/美食与美酒",,"《美食与美酒》杂志社","https://tva4.sinaimg.cn/crop.0.0.180.180.180/66dfca08jw1e8qgp5bmzyj2050050aa8.jpg","2018-05-04 08:33:34.8671315","https://s.weibo.com/user/%25E7%25BE%258E%25E9%25A3%259F&page=6"
"美食","6024418850",,"天天美食烩","女","福建","//weibo.com/u/6024418850",,"25","27万","1954","在吃货这条不归路上，我不愿让你一个人",,,,"https://tva4.sinaimg.cn/crop.4.33.185.185.180/006zHQxYjw8fcjxy7svu9j3064063aa6.jpg","2018-05-04 08:33:34.9081595","https://s.weibo.com/user/%25E7%25BE%258E%25E9%25A3%259F&page=6"
"美食","6366871435","微博机构认证","微博美食","女","北京","//weibo.com/u/6366871435","微博美食官方微博","112","79万","256","微博美食官方微博","美食控/吃货/美食",,,"https://tvax1.sinaimg.cn/crop.0.0.200.200.180/006WSK6Lly1fji0kplrzyj305k05kdft.jpg","2018-05-04 08:33:34.9461987","https://s.weibo.com/user/%25E7%25BE%258E%25E9%25A3%259F&page=6"
"美食","2813050101","微博机构认证","黄太吉传统美食","男","北京，朝阳区","//weibo.com/u/2813050101","畅香利泰（北京）餐饮管理有限公司","2021","14万","17840","良心料，老味道。","煎饼果子/北京美食/传统小吃/美食/百度/互联网/北京/好吃的/80后/时尚",,,"https://tva2.sinaimg.cn/crop.0.0.512.512.180/a7abbcf5jw8egf8b58rn5j20e80e8gm1.jpg","2018-05-04 08:33:34.9872140","https://s.weibo.com/user/%25E7%25BE%258E%25E9%25A3%259F&page=6"
"美食","1661682580","微博会员","全球旅游美食汇","女","广东，广州","//weibo.com/u/1661682580",,"445","176万","6744","周游世界从美食开始，带你穿越世界各地,欣赏全球美景，玩遍全球旅游胜地","潮流资讯/8090后/旅游摄影/景点风景/美食/户外运动/旅游/美食达人/吃货/舌尖上的美食",,"请联系/32788925","https://tva3.sinaimg.cn/crop.0.0.180.180.180/630b4394jw1e8qgp5bmzyj2050050aa8.jpg","2018-05-04 08:33:35.0232514","https://s.weibo.com/user/%25E7%25BE%258E%25E9%25A3%259F&page=6"
"美食","2049439972","微博机构认证","湖北美食","女","湖北，武汉","//weibo.com/hbmeishi","湖北美食 官方微博","1216","63万","43417","荆楚大地美味荟萃吃货美食消费指南。商家有意合作，可电联湖北站027-82836822","咖啡/湖北美食/武汉小吃/户部巷/吉庆街/美食地图/武汉美食/红酒/餐厅",,,"https://tvax3.sinaimg.cn/crop.0.0.300.300.180/7a27f8e4ly8fg5svwbegdj208c08cas2.jpg","2018-05-04 08:33:35.0522769","https://s.weibo.com/user/%25E7%25BE%258E%25E9%25A3%259F&page=6"
"美食","3248262342",,"美食社","女","广东","//weibo.com/u/3248262342",,"163","93万","158911","教你做美食，做个真正的吃货！","美食/美食达人/学做菜/美食控/菜谱/食谱","湖南商学院",,"https://tva1.sinaimg.cn/crop.80.174.483.483.180/c19c8cc6jw8evne0fmwffj20hc0khgog.jpg","2018-05-04 08:33:35.0862945","https://s.weibo.com/user/%25E7%25BE%258E%25E9%25A3%259F&page=6"
"美食","2097214810","微博机构认证","新浪浙江美食","男","浙江，杭州","//weibo.com/aboutfood","新浪浙江美食频道官方微博","2031","80万","58016","官方微信公众号：“舌尖杭州”（hz-food）欢迎吃货们加入~福利优先哟！亦可电联新浪浙江站电话：0571-87001912。","生活家/吃喝玩樂/美食",,"新浪浙江","https://tva3.sinaimg.cn/crop.0.0.180.180.180/7d00f55ajw1e8qgp5bmzyj2050050aa8.jpg","2018-05-04 08:33:35.1573764","https://s.weibo.com/user/%25E7%25BE%258E%25E9%25A3%259F&page=6"
"美食","6041830364","微博个人认证 ","日韩美食汇","女","北京","//weibo.com/u/6041830364","微博美食视频自媒体","167","48万","9583","浪漫日韩气氛，期待味蕾与美食得不期而遇~","吃货一枚",,,"https://tva3.sinaimg.cn/crop.25.0.727.727.180/006ASU4Qjw8f8o6vm9sxmj30sg0k77ci.jpg","2018-05-04 08:33:35.1804043","https://s.weibo.com/user/%25E7%25BE%258E%25E9%25A3%259F&page=6"
"美食","1714810430","微博个人认证 ","美食健康大百科-","女","澳门，圣安多尼堂区","//weibo.com/u/1714810430","知名美食博主","376","137万","17352","每日搜寻世界最详细、最专业的美食健康养生知识~合作推广加QQ;405372699","美食爱好者/烹饪/开心/吃货/爱吃/旅游美食/爱美食/美食控/生活/阳光","澳门大学","澳门大学","https://tvax4.sinaimg.cn/crop.108.34.1199.1199.180/6635ee3ely8fg2u583ilej212l1001kx.jpg","2018-05-04 08:33:35.2054085","https://s.weibo.com/user/%25E7%25BE%258E%25E9%25A3%259F&page=6"
"美食","2437356095","微博个人认证 ","西安美食导航","女","陕西，西安","//weibo.com/u/2437356095","本地资讯博主（西安）http://t.cn/RUmMhZ7","1519","66万","3457","|美食|生活|旅行|摄影|❤️",,,,"https://tvax2.sinaimg.cn/crop.0.0.512.512.180/91471a3fly8fjvsa2nfu9j20e80e83z9.jpg","2018-05-04 08:33:35.2294267","https://s.weibo.com/user/%25E7%25BE%258E%25E9%25A3%259F&page=6"
"美食","2186694645","微博个人认证 ","舌尖上的美食-","女","上海，普陀区","//weibo.com/u/2186694645","美食博主","142","80万","9289","美味珍馐，家常小炒，#get√#，一起DIY！欢迎各位吃货投稿~","美食/美食控/美食达人",,,"https://tva4.sinaimg.cn/crop.0.1.179.179.180/82564ff5jw8eyc3000agwj2050050aa3.jpg","2018-05-04 08:33:35.2564565","https://s.weibo.com/user/%25E7%25BE%258E%25E9%25A3%259F&page=6"
"美食","2907576527","微博机构认证","新浪美食","男","北京，海淀区","//weibo.com/xinlangmeishi","新浪美食频道官方微博","396","148万","5956","新浪美食频道官方微博",,,,"https://tva1.sinaimg.cn/crop.0.0.180.180.180/ad4e18cfjw1e8qgp5bmzyj2050050aa8.jpg","2018-05-04 08:33:35.2854639","https://s.weibo.com/user/%25E7%25BE%258E%25E9%25A3%259F&page=6"
"美食","5101788941","微博达人","全球旅行美食记","女","四川，成都","//weibo.com/u/5101788941",,"261","150万","4387","唯美食与爱不可辜负",,,,"https://tva2.sinaimg.cn/crop.36.41.127.127.180/005zgAmpjw8f9mygqa35lj305k05kglm.jpg","2018-05-04 08:33:35.3124958","https://s.weibo.com/user/%25E7%25BE%258E%25E9%25A3%259F&page=6"
"美食","2334818094","微博个人认证 ","武汉美食中心","男","湖北，武汉","//weibo.com/wuhanfood","知名本地博主 本地资讯博主（武汉）","1179","159万","17460","业务qq2853962366","武汉美食/好吃佬/武汉吃货/武汉生活/武汉美味/武汉吃喝玩乐/武汉热门/吃货天堂/武汉出行/武汉指南",,,"https://tva1.sinaimg.cn/crop.0.0.180.180.180/8b2a7f2ejw1e8qgp5bmzyj2050050aa8.jpg","2018-05-04 08:33:35.3425160","https://s.weibo.com/user/%25E7%25BE%258E%25E9%25A3%259F&page=6"
"美食","2466975602","微博个人认证 ","新疆美食发现","女","新疆","//weibo.com/206060786","知名本地博主 本地资讯博主（乌鲁木齐）","1934","55万","147693","合作推广加qq:812807070","美食/乌鲁木齐/吃货/餐饮饭馆/酒店/娱乐/生活/旅游摄影/新疆",,,"https://tva2.sinaimg.cn/crop.0.0.1125.1125.180/930b0f72jw8ev1vd2uiqwj20v90v9wfy.jpg","2018-05-04 08:33:35.3735371","https://s.weibo.com/user/%25E7%25BE%258E%25E9%25A3%259F&page=6"
"美食","1615699711","微博机构认证","人气美食","女","上海","//weibo.com/renqimeishi","上海星尚电视频道《人气美食》栏目官方微博","28","13万","2445","播出时间星尚频道周一到周五晚19:00到20:00教你把幸福生活吃出来～上海美食风向标热门美食大盘点吃货福利站美食投递站：renqimeishismg@126.com","星尚/人气美食",,"星尚传媒","https://tva2.sinaimg.cn/crop.0.0.180.180.180/604d9effjw1e8qgp5bmzyj2050050aa8.jpg","2018-05-04 08:33:35.4065608","https://s.weibo.com/user/%25E7%25BE%258E%25E9%25A3%259F&page=6"
"美食","5763577473","微博会员","小煮美食坊","女","广东","//weibo.com/u/5763577473",,"48","101万","1371","每天推荐不同的美食做法，尝尽世间美味，感受舌尖上的中国……","八卦杂谈",,,"https://tva4.sinaimg.cn/crop.47.0.351.351.180/006i3nMZjw8ey3zgxwxbqj30b409rmxx.jpg","2018-05-04 08:33:44.0611347","https://s.weibo.com/user/%25E7%25BE%258E%25E9%25A3%259F&page=7"
"美食","2272339530","微博个人认证 ","泉州美食爆料圈","女","福建，泉州","//weibo.com/qzmeishi","本地资讯博主（泉州）http://t.cn/RUmMhZ7","697","27万","6291","合作QQ:8121393，微信公众:qzmsblq","古早味/闽南习俗/泉州生活/闽南古早味/泉州吃/石狮/泉州小吃/晋江/泉州美食/大泉州",,,"https://tva3.sinaimg.cn/crop.0.0.180.180.180/8771264ajw1e8qgp5bmzyj2050050aa8.jpg","2018-05-04 08:33:44.1011453","https://s.weibo.com/user/%25E7%25BE%258E%25E9%25A3%259F&page=7"
"美食","1974566902","微博个人认证 ","随手拍分享厦门美食","男","福建，厦门","//weibo.com/delicacyxm","知名本地博主 本地资讯博主（厦门） 头条文章作者 微博签约自媒体","1243","37万","61453","投稿请一定告知：店名、地址、特色、人均，并@随手拍分享厦门美食。","美食/80后/生活/运动","集美大学/厦门外国语学校","厦门馔语文化传播有限公司","https://tvax3.sinaimg.cn/crop.0.0.1125.1125.180/75b17ff6ly8fq6rxzcxohj20v90v9wgc.jpg","2018-05-04 08:33:44.1301532","https://s.weibo.com/user/%25E7%25BE%258E%25E9%25A3%259F&page=7"
"美食","2770347012","微博机构认证","良品铺子美食","女","湖北，武汉","//weibo.com/lppzms","湖北良品铺子电子商务有限公司","758","133万","9881","我们是美食的搬运工，致力于将全世界最好吃的零食送到您面前，良品铺子，让嘴巴去旅行~","零食/B2C/良品铺子/吃货/天猫/传递快乐/健康/正能量/处女座/爱美食",,"良品铺子食品有限公司/湖北良品铺子电子商务有限公司","https://tvax4.sinaimg.cn/crop.26.0.773.773.180/a5202404ly8fjdh14pfboj20m80m8444.jpg","2018-05-04 08:33:44.1551829","https://s.weibo.com/user/%25E7%25BE%258E%25E9%25A3%259F&page=7"
"美食","6099717372","微博个人认证 ","美猫美食","女","湖南，长沙","//weibo.com/u/6099717372","美食博主 美食视频自媒体","270","22万","2424","爱与美食不可辜负","美食爱好者/美食控/美食达人",,,"https://tvax3.sinaimg.cn/crop.0.0.1417.1417.180/006ENN8gly8fjb1g715uij313d13dqg7.jpg","2018-05-04 08:33:44.1852010","https://s.weibo.com/user/%25E7%25BE%258E%25E9%25A3%259F&page=7"
"美食","6136851720",,"叫我美食君","女","四川，资阳","//weibo.com/u/6136851720",,"58","17万","954","这世上,，唯美食与爱，不可辜负。","吃货/美食控/零食",,,"https://tvax4.sinaimg.cn/crop.59.44.449.449.180/006HjBtmly8fikh6o2208j30g60f1jx2.jpg","2018-05-04 08:33:44.2162246","https://s.weibo.com/user/%25E7%25BE%258E%25E9%25A3%259F&page=7"
"美食","2435703477","微博个人认证 ","上海美食探店","女","上海，闵行区","//weibo.com/u/2435703477","本地资讯博主（上海）http://t.cn/RUmMhZ7","911","70万","6254","上海滩最用心的公共微博平台！qq2761952976",,"复旦大学",,"https://tva2.sinaimg.cn/crop.0.0.180.180.180/912de2b5jw1e8qgp5bmzyj2050050aa8.jpg","2018-05-04 08:33:44.2512365","https://s.weibo.com/user/%25E7%25BE%258E%25E9%25A3%259F&page=7"
"美食","1852098324","微博机构认证","上海美食-咕嘟妈咪","女","上海，黄浦区","//weibo.com/meishiweibo","上海美食-咕嘟妈咪官方微博","1993","235万","25933","咕嘟妈咪餐饮搜索网站(www.gudumami.cn)，网罗上海高品质餐饮资讯，免费预订餐厅，订餐电话：021-63869577","美食达人/美食爱好者/美食控/优惠券/餐厅/吃货/美食/餐厅订位/活动",,,"https://tva4.sinaimg.cn/crop.0.0.180.180.180/6e64c714jw1e8qgp5bmzyj2050050aa8.jpg","2018-05-04 08:33:44.2812563","https://s.weibo.com/user/%25E7%25BE%258E%25E9%25A3%259F&page=7"
"美食","6090644878","微博个人认证 ","美食大趴踢","男","北京，东城区","//weibo.com/u/6090644878","微博美食视频自媒体","34","21万","9190","你大概是我见过的、全世界最有品位的吃货了ὠ",,,,"https://tva3.sinaimg.cn/crop.137.0.429.429.180/006EbIXIjw8fbrdr3w41hj30ic0bx0tw.jpg","2018-05-04 08:33:44.3172999","https://s.weibo.com/user/%25E7%25BE%258E%25E9%25A3%259F&page=7"
"美食","1792166571","微博机构认证","POCO广州美食分享","男","广东，广州","//weibo.com/foodpoco","Poco广州美食分享官方微博","1528","8万","3367","发掘广州最特色美食，提供广州美食最潮资讯，尽在POCO美食网","广州/美食/优惠/团购/打折/活动/美食控/美食达人/美食爱好者/美食专家",,,"https://tva4.sinaimg.cn/crop.0.0.180.180.180/6ad24aabjw1e8qgp5bmzyj2050050aa8.jpg","2018-05-04 08:33:44.3473148","https://s.weibo.com/user/%25E7%25BE%258E%25E9%25A3%259F&page=7"
"美食","2438065947","微博个人认证 ","杭州美食导航","女","浙江，杭州","//weibo.com/u/2438065947","本地资讯博主（杭州）http://t.cn/RUmMhZ7","1533","33万","4079","饕客天下行，让我们一起吃遍杭州美味！哪有美食，咱走起~*^__^*QQ2761952976","美食达人/资深吃货/杭州/杭州美食/杭州小吃/杭州吃喝玩乐/美食爆料",,,"https://tvax4.sinaimg.cn/crop.384.60.1152.1152.180/9151ef1bly1fekoyv1p4pj21hc0zg7qp.jpg","2018-05-04 08:33:44.4124044","https://s.weibo.com/user/%25E7%25BE%258E%25E9%25A3%259F&page=7"
"美食","2459176692",,"天津美食精选","女","天津，和平区","//weibo.com/u/2459176692",,"2010","22万","4227","搜罗天津所有好吃的东西，只要够饕餮，各位童鞋都要积极爆料哦！欢迎交流~~QQ2761952976",,"天津外国语大学",,"https://tvax3.sinaimg.cn/crop.164.25.492.492.180/92940ef4ly1fekp74adr8j20ms0f6ten.jpg","2018-05-04 08:33:44.4384223","https://s.weibo.com/user/%25E7%25BE%258E%25E9%25A3%259F&page=7"
"美食","1854004465","微博机构认证","大众点评网-南京美食","男","江苏，南京","//weibo.com/dpnanjing","大众点评网南京站","67","9万","5701","金陵吃货必备。搜罗南京城最好吃的美食、最给力的餐馆，最有滋味的生活。合作请联系：QQ240463567","80后/吃喝玩乐/美食/南京/吃货/乐活",,,"https://tva2.sinaimg.cn/crop.0.0.180.180.180/6e81dcf1jw1e8qgp5bmzyj2050050aa8.jpg","2018-05-04 08:33:44.4614506","https://s.weibo.com/user/%25E7%25BE%258E%25E9%25A3%259F&page=7"
"美食","5678136641",,"热门美食排行榜","女","福建，厦门","//weibo.com/u/5678136641",,"7","33万","13884","不是肚子饿，只是嘴巴很寂寞！关注我做个吃不胖的萌妹纸！跟着我有肉吃！哈哈哈哈！！！qq：772628826","美食/美食控/吃货/健康养生/饮食/美食达人/时尚/娱乐/美食排行榜/热门美食",,,"https://tva1.sinaimg.cn/crop.0.0.512.512.180/006cgSJ3jw8ex7t9017ibj30e80e83z1.jpg","2018-05-04 08:33:44.4894723","https://s.weibo.com/user/%25E7%25BE%258E%25E9%25A3%259F&page=7"
"美食","1687165770","微博机构认证","福建美食","女","福建，福州","//weibo.com/fjfood","新浪福建美食频道官方微博","1357","31万","26763","各种推荐仅供参考，多看评论可获得更客观的信息。工作合作事宜请加QQ：2986751566，官方微信：fuzhoumeishi","新浪福建/美食",,,"https://tva2.sinaimg.cn/crop.45.23.111.111.180/64901b4ajw8eth9qxuy82j205k05kaag.jpg","2018-05-04 08:33:44.5134864","https://s.weibo.com/user/%25E7%25BE%258E%25E9%25A3%259F&page=7"
"美食","2645006034","微博个人认证 ","广州美食生活圈","男","广东，广州","//weibo.com/573744778","本地资讯博主（广州） 美食点评团成员","785","68万","20556","❤ღ♡搜罗广州美食，带你吃遍广州♡ღ❤❤ღ♡微博合作推广请联系星匠联盟合作QQ：3271207431♡ღ❤投稿请私信","大学城/广州/生活/玩乐/吃喝/资讯/美食/爱旅游/团购/唱K",,,"https://tva4.sinaimg.cn/crop.0.0.1129.1129.180/9da796d2jw8eukooui3xlj20vd0vfafn.jpg","2018-05-04 08:33:44.5424938","https://s.weibo.com/user/%25E7%25BE%258E%25E9%25A3%259F&page=7"
"美食","3963995481","微博达人","白菜美妆鞋包饰品美食零食优惠券","女","其他","//weibo.com/u/3963995481",,"316","61万","6803","淘宝内部优惠券，自助VX机器人：GSU22222222福利多多优惠多多",,,,"https://tvax2.sinaimg.cn/crop.0.0.718.718.180/ec45c559ly8fqr7zwi6j3j20jy0k1q4d.jpg","2018-05-04 08:33:44.5695232","https://s.weibo.com/user/%25E7%25BE%258E%25E9%25A3%259F&page=7"
"美食","2437340011","微博个人认证 ","南京美食导航","男","江苏，南京","//weibo.com/u/2437340011","本地资讯博主（南京）http://t.cn/RUmMhZ7","1966","49万","4131","吃饭不积极，思想有问题！qq2761952976",,,,"https://tva1.sinaimg.cn/crop.0.0.180.180.180/9146db6bjw1e8qgp5bmzyj2050050aa8.jpg","2018-05-04 08:33:44.5995459","https://s.weibo.com/user/%25E7%25BE%258E%25E9%25A3%259F&page=7"
"美食","1893289714","微博个人认证 ","南昌美食","男","江西，南昌","//weibo.com/ncfood","本地资讯博主（南昌）","1808","42万","14925","南昌18线网红博主ὄἿ南昌美食官方微信：ncfood，商家合作联系个人微信：15070882033",,"南昌大学/江西科技师范大学/江西师范大学/江西农业大学/江西广播电视大学/江西科技学院/江西科技学院/江西财经大学/江西中医药大学",,"https://tva4.sinaimg.cn/crop.0.0.179.179.180/70d94ef2gw1ehp7tufrxhj2050050t8x.jpg","2018-05-04 08:33:44.6295665","https://s.weibo.com/user/%25E7%25BE%258E%25E9%25A3%259F&page=7"
"美食","5754559290","微博个人认证 ","迷迭香美食","女","北京","//weibo.com/rosemaryfood","微博美食视频博主 美食视频自媒体","226","56万","1767","有温度的原创美食短视频！微信关注:迷迭香。","自媒体/爱生活/美食",,,"https://tvax2.sinaimg.cn/crop.199.82.1070.1070.180/006hrxKqly8foye9flimzj31331334qp.jpg","2018-05-04 08:33:53.2451930","https://s.weibo.com/user/%25E7%25BE%258E%25E9%25A3%259F&page=8"
"美食","6101518856","微博个人认证 ","每时美食君","女","北京，东城区","//weibo.com/u/6101518856","知名美食博主","237","19万","1834","知名美食博主","美食控减肥控/厨师兼美食家",,,"https://tvax4.sinaimg.cn/crop.15.0.162.162.180/006EVlMsly8ffn1d3otx1j306e04ia9z.jpg","2018-05-04 08:33:53.3302225","https://s.weibo.com/user/%25E7%25BE%258E%25E9%25A3%259F&page=8"
"美食","2441661772","微博个人认证 ","美食菜谱专家","男","福建，泉州","//weibo.com/u/2441661772","知名美食博主","125","514万","41471","美食专家，美食秀场。","美食/吃货/玩儿/运动","厦门理工学院",,"https://tva1.sinaimg.cn/crop.0.0.199.199.180/9188cd4cjw8eptszqopdoj205j05k74v.jpg","2018-05-04 08:33:53.3552517","https://s.weibo.com/user/%25E7%25BE%258E%25E9%25A3%259F&page=8"
"美食","2068583357","微博机构认证","美食推","男","北京","//weibo.com/meishitui18","新浪美食推官方账号","808","32万","4709","美食推，一个专门推荐消费攻略的网站。新浪微博上最大的餐饮社会化营销平台。目前覆盖全国北京、广州、杭州、成都、南京、沈阳、武汉等25个主要城市。洽谈合作请私信@美食推或者拨打010-58983444","探店/吃货/美食达人/好吃的/零食/美食推/新浪/中餐/西餐/餐厅",,,"https://tva3.sinaimg.cn/crop.0.0.180.180.180/7b4c13bdjw1e8qgp5bmzyj2050050aa8.jpg","2018-05-04 08:33:53.3792551","https://s.weibo.com/user/%25E7%25BE%258E%25E9%25A3%259F&page=8"
"美食","1687081563","微博个人认证 ","美食攻略菌","男","广东","//weibo.com/u/1687081563","微博美食帐号","125","70万","20884","分享美食，分享快乐","美食/吃货","山东大学/北京理工大学珠海学院",,"https://tva3.sinaimg.cn/crop.0.0.180.180.180/648ed25bjw8est9nqrtnij20500503yr.jpg","2018-05-04 08:33:53.4012702","https://s.weibo.com/user/%25E7%25BE%258E%25E9%25A3%259F&page=8"
"美食","5042495871","微博达人","白菜网红零食美食小吃优惠券分享","男","其他","//weibo.com/u/5042495871",,"511","50万","12356",,,,,"https://tvax1.sinaimg.cn/crop.0.0.640.640.180/005vfNwzly8fqi6j55exmj30hs0hsjtr.jpg","2018-05-04 08:33:53.4292895","https://s.weibo.com/user/%25E7%25BE%258E%25E9%25A3%259F&page=8"
"美食","2446616153","微博个人认证 ","哈尔滨美食生活","男","黑龙江，哈尔滨","//weibo.com/u/2446616153","本地资讯博主（哈尔滨）http://t.cn/RUmMhZ7","438","67万","3716","哈尔滨美食，玩乐，趣事。QQ2761952976","美食",,,"https://tva4.sinaimg.cn/crop.0.0.180.180.180/91d46659jw1e8qgp5bmzyj2050050aa8.jpg","2018-05-04 08:33:53.4533060","https://s.weibo.com/user/%25E7%25BE%258E%25E9%25A3%259F&page=8"
"美食","6439218964","微博个人认证 ","最爱美食酱","女","湖南","//weibo.com/u/6439218964","长沙浪花文化传媒公司签约博主","66","20万","216",,,,,"https://tvax4.sinaimg.cn/crop.155.116.388.388.180/0071Mj0oly8fpmvxclw3yj30jg0hagmo.jpg","2018-05-04 08:33:53.4823257","https://s.weibo.com/user/%25E7%25BE%258E%25E9%25A3%259F&page=8"
"美食","2451820467","微博个人认证 ","太原美食生活","男","山西，太原","//weibo.com/u/2451820467","本地资讯博主（太原）http://t.cn/RUmMhZ7","534","89万","4363","找美食可以点击右上角搜索输入关键字，如需合作请私信。","美食","北京大学/中国人民大学附属中学分校/十一学校",,"https://tva1.sinaimg.cn/crop.0.0.180.180.180/9223cfb3jw1e8qgp5bmzyj2050050aa8.jpg","2018-05-04 08:33:53.5113458","https://s.weibo.com/user/%25E7%25BE%258E%25E9%25A3%259F&page=8"
"美食","2501901683","微博个人认证 ","大连美食","男","辽宁，大连","//weibo.com/42698825","知名本地博主 本地资讯博主（大连） 美食/旅行点评团成员 美食视频自媒体","577","81万","16991","分享大连特色馆子，领略大连吃货风采！个人号：dalianmeishi555合作QQ834649218","大连美食/大连探店/大连海鲜/大连生活资讯/大连优惠信息","东方美食学院","大连美食分享","https://tvax4.sinaimg.cn/crop.0.0.1242.1242.180/951ffd73ly8feko99axbzj20yi0yi0wu.jpg","2018-05-04 08:33:53.5433678","https://s.weibo.com/user/%25E7%25BE%258E%25E9%25A3%259F&page=8"
"美食","5075484914","微博个人认证 ","中华美食为王","女","江苏，南京","//weibo.com/u/5075484914","头条文章作者","72","26万","6621","美食分享，吃货的最爱！天天有好的噢。","美食/小吃/吃货/菜谱",,"合作扣扣3532789045","https://tvax3.sinaimg.cn/crop.54.2.316.316.180/005xudtUgy1fcwuawg8s7j30b408vdhg.jpg","2018-05-04 08:33:53.6094460","https://s.weibo.com/user/%25E7%25BE%258E%25E9%25A3%259F&page=8"
"美食","2090086897",,"这才是美食","女","广东，广州","//weibo.com/577338186",,"134","12万","91700","都是好吃的（欢迎合作，投稿）【联系Q1844787053】","美食/做菜/甜点/川菜/健康养生/武汉生活/杭州生活/休闲/陕西生活/红酒",,,"https://tva1.sinaimg.cn/crop.0.0.179.179.180/7c9431f1jw1e82mxk5b6aj2050050dg4.jpg","2018-05-04 08:33:53.6404667","https://s.weibo.com/user/%25E7%25BE%258E%25E9%25A3%259F&page=8"
"美食","2452795743","微博个人认证 ","我是美食攻略菌","女","广东","//weibo.com/u/2452795743","知名美食博主","47","104万","24198","为吃货们提供各供各种食谱、菜谱、小吃的做法，美味一起分享~做最幸福的吃货","美食主义者/吃货/吃货玩乐/美食家/美食/美食控/美食爱好者/美食达人/美食专家/吃货一枚",,,"https://tva3.sinaimg.cn/crop.87.0.190.190.180/9232b15fjw8erw7buhs2nj209i071q3i.jpg","2018-05-04 08:33:53.6634954","https://s.weibo.com/user/%25E7%25BE%258E%25E9%25A3%259F&page=8"
"美食","2316271173","微博个人认证 ","美国宅男美食","男","海外，美国","//weibo.com/u/2316271173","俄亥俄州立大学行政助理","72","9万","978","帅锅马腾：一个普通的美国南方人。请关注我的在线料理节目《宅男美食》！点击我的博客","美食/料理/烘焙/美国/美国留学/海外生活/欧美/宅生活进行时",,"里斯/Ohio/State/University","https://tva4.sinaimg.cn/crop.54.1.716.716.180/8a0f7e45gw1egqc593u7nj20ms0k0dir.jpg","2018-05-04 08:33:53.6955183","https://s.weibo.com/user/%25E7%25BE%258E%25E9%25A3%259F&page=8"
"美食","5305147245","微博会员","365美食家常菜谱","女","上海，黄浦区","//weibo.com/u/5305147245",,"114","868万","0","微博知名美食账号","美食/吃喝玩乐/美食控/旅游美食/美食爱好者/烹饪",,,"https://tva2.sinaimg.cn/crop.0.0.178.178.180/005N1R93jw8f5ehcgrl64j304y04yq2u.jpg","2018-05-04 08:33:53.7195343","https://s.weibo.com/user/%25E7%25BE%258E%25E9%25A3%259F&page=8"
"美食","6501854881",,"美食小秘籍","女","福建","//weibo.com/u/6501854881",,"360","18万","1670",,,,,"https://tvax1.sinaimg.cn/crop.0.0.200.200.180/007617t7ly8fp4u7tbck0j305k05kaa8.jpg","2018-05-04 08:33:53.7455518","https://s.weibo.com/user/%25E7%25BE%258E%25E9%25A3%259F&page=8"
"美食","2437369371","微博个人认证 ","青岛美食生活","女","山东，青岛","//weibo.com/u/2437369371","本地资讯博主（青岛）http://t.cn/RUmMhZ7","674","30万","4282","青岛美食种草机！","美食",,,"https://tva3.sinaimg.cn/crop.0.0.600.600.180/91474e1bjw8fbsk4tigyaj20go0gowik.jpg","2018-05-04 08:33:53.7705565","https://s.weibo.com/user/%25E7%25BE%258E%25E9%25A3%259F&page=8"
"美食","6041830358","微博个人认证 ","天下美食君","女","北京，东城区","//weibo.com/u/6041830358","微博美食视频帐号","40","20万","10005","更多吃货技能请关注主页菌~","吃货一枚",,,"https://tva3.sinaimg.cn/crop.0.0.179.179.180/006ASU4Kjw8f8o5ix8rfhj3050050q2v.jpg","2018-05-04 08:33:53.7975752","https://s.weibo.com/user/%25E7%25BE%258E%25E9%25A3%259F&page=8"
"美食","3878220945","微博个人认证 ","健康美食推荐","女","上海，黄浦区","//weibo.com/u/3878220945","知名搞笑幽默博主","25","20万","4689","搞笑","搞笑幽默","中国农业大学","合作扣扣1967775877","https://tvax4.sinaimg.cn/crop.0.0.512.512.180/e728f491ly8fnev1takesj20e80e8dgd.jpg","2018-05-04 08:33:53.8286148","https://s.weibo.com/user/%25E7%25BE%258E%25E9%25A3%259F&page=8"
"美食","5742101913","微博个人认证 ","舌尖上的美食菜谱大全","女","广东","//weibo.com/u/5742101913","知名美食博主 美食视频自媒体","574","76万","15774","舌尖上的美食！这里是美食的天下，这里是吃货的大本营。搜罗美食菜谱大全，共同分享美食的快乐！","美食控/美食爱好者/吃货一枚","广州大学","合作QQ/3035558292","https://tvax3.sinaimg.cn/crop.34.163.575.575.180/006gBh0Zly8fpkuwj2m14j30j60srmyp.jpg","2018-05-04 08:33:53.8576169","https://s.weibo.com/user/%25E7%25BE%258E%25E9%25A3%259F&page=8"
"美食","2446807353","微博个人认证 ","郑州美食探店","女","河南，郑州","//weibo.com/u/2446807353","本地资讯博主（郑州）http://t.cn/RUmMhZ7","973","54万","3547","郑州美食推荐、郑州美食求助！欢迎交流！合作请咨询QQ2761952976","美食",,,"https://tva4.sinaimg.cn/crop.0.0.180.180.180/91d75139jw1e8qgp5bmzyj2050050aa8.jpg","2018-05-04 08:34:02.5529030","https://s.weibo.com/user/%25E7%25BE%258E%25E9%25A3%259F&page=9"
"美食","3288183653","微博个人认证 ","美食是吃货的治愈系","女","北京，东城区","//weibo.com/u/3288183653","知名美食博主","37","19万","3357","原：我和美食的日常吃货们都在这里，每日奉献最佳私房菜。","美食/吃货/私房菜","东方学院","美食达人","https://tva1.sinaimg.cn/crop.0.0.179.179.180/c3fdb365jw1eib8wsecegj2050050glz.jpg","2018-05-04 08:34:02.5999187","https://s.weibo.com/user/%25E7%25BE%258E%25E9%25A3%259F&page=9"
"美食","2191398120","微博机构认证","成都商报美食","女","四川，成都","//weibo.com/cedfood","成都商报美食官方微博","240","166万","9646","《成都商报》旗下的美食微博账号。合作联系：QQ：1057294503","好吃嘴/成都/美食/成都商报/媒体/火锅/重口味",,,"https://tvax2.sinaimg.cn/crop.0.0.638.638.180/829e14e8gy1fd65iyh2muj20hs0hsted.jpg","2018-05-04 08:34:02.6319406","https://s.weibo.com/user/%25E7%25BE%258E%25E9%25A3%259F&page=9"
"美食","2351803240","微博个人认证 ","美食美味集","女","四川，成都","//weibo.com/u/2351803240","美食评论人 美食视频自媒体","137","351万","74000","商务洽谈QQ：2851661273，谢谢","美食/私房菜/美味/吃货/美食家/美食控/精品菜/家常菜/做菜/做饭","北京农业大学",,"https://tva1.sinaimg.cn/crop.35.0.182.182.180/8c2dab68gw1epxfdw33w2j206u053aau.jpg","2018-05-04 08:34:02.6609604","https://s.weibo.com/user/%25E7%25BE%258E%25E9%25A3%259F&page=9"
"美食","2119786971","微博个人认证 ","佛山美食团","男","广东，佛山","//weibo.com/81640255","本地资讯博主（佛山）http://t.cn/RUmMhZ7","242","9万","981","【欢迎关注】唯有美食与爱不可辜负！","佛山/80后/互粉/90后/时尚/佛山交友/佛山同城/佛山摄影/佛山美食/旅游","深圳大学","佛山某投资有限公司/佛山美食团","https://tva3.sinaimg.cn/crop.0.0.700.700.180/7e5961dbjw8er3ziematsj20jg0jggpy.jpg","2018-05-04 08:34:02.6869778","https://s.weibo.com/user/%25E7%25BE%258E%25E9%25A3%259F&page=9"
"美食","2627997872",,"魔力美食酱","女","广东，珠海","//weibo.com/u/2627997872",,"24","8万","327823","生活需要一本好的菜谱。喜欢就点个赞吧！","美食",,,"https://tvax2.sinaimg.cn/crop.0.0.180.180.180/9ca410b0ly8fh36c5rwumj2050050wef.jpg","2018-05-04 08:34:02.7159992","https://s.weibo.com/user/%25E7%25BE%258E%25E9%25A3%259F&page=9"
"美食","6085757671","微博个人认证 ","美食研究院","男","北京，东城区","//weibo.com/u/6085757671","微博美食视频自媒体","63","26万","8900","古今中外，小吃大餐，一起品尝，一起研究！","美食/美食研究/中外美食/小吃/大餐/美食家",,,"https://tva1.sinaimg.cn/crop.3.7.167.167.180/006DRdzNjw8fb0i5643ybj304v04vmxa.jpg","2018-05-04 08:34:02.7470310","https://s.weibo.com/user/%25E7%25BE%258E%25E9%25A3%259F&page=9"
"美食","6464273800",,"吃货的美食秘籍","女","福建","//weibo.com/u/6464273800",,"64","17万","2748",,,,,"https://tvax2.sinaimg.cn/crop.0.0.210.210.180/0073tqUEly8fnk1ylp9qtj305u05u0to.jpg","2018-05-04 08:34:02.7960924","https://s.weibo.com/user/%25E7%25BE%258E%25E9%25A3%259F&page=9"
"美食","6286640716","微博会员","美食安利公司","女","广东，广州","//weibo.com/u/6286640716",,"14","77万","155","全是好吃的！吃我这波安利",,,,"https://tvax1.sinaimg.cn/crop.373.47.533.533.180/006Rs6qUly8fjqfucmlnjj30zk0k0h65.jpg","2018-05-04 08:34:02.8260867","https://s.weibo.com/user/%25E7%25BE%258E%25E9%25A3%259F&page=9"
"美食","1787365335","微博个人认证 ","猪丫美食说","女","山东","//weibo.com/730232555","知名美食博主 头条文章作者 微博签约自媒体","244","159万","13713","匠馨家品牌创始人","吃货/美食/美食编辑/旅行体验/甜点控",,"公共营养师","https://tvax2.sinaimg.cn/crop.0.0.512.512.180/6a8907d7ly8fo9xgsa2cpj20e80e8gm9.jpg","2018-05-04 08:34:02.8590969","https://s.weibo.com/user/%25E7%25BE%258E%25E9%25A3%259F&page=9"
"美食","3779904962","微博个人认证 ","美食视频精选","男","北京","//weibo.com/u/3779904962","美食博主 美食视频自媒体","311","48万","9348","各种美食视频教程精选，唯美食与爱不可辜负！","美食/烹饪/营养/教学/视频/蛋糕/烘焙/甜食",,,"https://tva3.sinaimg.cn/crop.0.0.750.750.180/e14cc5c2jw8f9bws4z7omj20ku0kuwg9.jpg","2018-05-04 08:34:02.9171494","https://s.weibo.com/user/%25E7%25BE%258E%25E9%25A3%259F&page=9"
"美食","1844579242","微博个人认证 ","熊猫小姐爱美食","女","江苏，扬州","//weibo.com/o0opandao0o","知名美食博主 微博签约自媒体","682","16万","33642","ὐ公众号:熊猫小姐爱美食","美食/扬州/吃喝玩乐/品味杂志/熊猫卡",,,"https://tvax1.sinaimg.cn/crop.0.0.512.512.180/6df20baaly8fqq9tabhiaj20e80e8dgg.jpg","2018-05-04 08:34:02.9501719","https://s.weibo.com/user/%25E7%25BE%258E%25E9%25A3%259F&page=9"
"美食","3173229652","微博个人认证 ","美食做菜很简单","男","广东，广州","//weibo.com/275330081","知名美食博主 微博知名美食帐号 美食视频自媒体","0","39万","14192","每日推荐最热美食视频！每日推荐最热美食做法！微博美食推荐！","美食/家常菜/菜谱/厨师/西餐/中餐/美食达人/小吃/甜点/美食点评",,"美食做菜很简单（广东）网络科技有限公司","https://tvax2.sinaimg.cn/crop.0.0.996.996.180/bd23a454ly8fpbj94mgqjj20ro0rowhc.jpg","2018-05-04 08:34:02.9761775","https://s.weibo.com/user/%25E7%25BE%258E%25E9%25A3%259F&page=9"
"美食","2137710313","微博机构认证","今日悉尼美食","女","海外","//weibo.com/eatinsydney","今日悉尼美食频道官方微博","735","6万","23582","悉尼最好的美食推荐分享频道！只要是你喜欢的,请记得@今日悉尼美食哦,谢谢大家！也希望大家多多关注转发哦！","悉尼生活/悉尼美食/美食控/澳洲留学生/澳洲生活/悉尼华人/澳洲华人/悉尼留学生/边吃边拍/澳洲美食",,,"https://tva4.sinaimg.cn/crop.0.0.180.180.180/7f6adee9jw1e8qgp5bmzyj2050050aa8.jpg","2018-05-04 08:34:03.0182059","https://s.weibo.com/user/%25E7%25BE%258E%25E9%25A3%259F&page=9"
"美食","1670537187","微博个人认证 ","tony美食小屋","男","上海，虹口区","//weibo.com/tonymeishixiaowu","新浪美食名博 《美食杰》专栏撰稿人 微博签约自媒体","675","63万","4719","美食作家出版《好爸爸都会几个拿手菜》微信：tonymeishixiaowu欢迎美食约稿和酒店探访","育儿/美食/英语专业人士/美食摄影","浙江师范大学/浙江师范大学","上海","https://tva2.sinaimg.cn/crop.0.0.511.511.180/63925fe3jw8enbld9njrvj20e70e874y.jpg","2018-05-04 08:34:03.0432229","https://s.weibo.com/user/%25E7%25BE%258E%25E9%25A3%259F&page=9"
"美食","1886008124","微博机构认证","温州都市报美食周刊","男","浙江，温州","//weibo.com/wzdsbqcf","《温州都市报U一周》官方微博","117","26万","1739","猫叔，只售正品美食情报！","养生",,,"https://tva1.sinaimg.cn/crop.0.0.750.750.180/706a333cjw8fbibg4x187j20ku0kugly.jpg","2018-05-04 08:34:03.0682403","https://s.weibo.com/user/%25E7%25BE%258E%25E9%25A3%259F&page=9"
"美食","2154387994","微博个人认证 ","大佛山美食树","男","广东，佛山","//weibo.com/meishishu","本地资讯博主（佛山）http://t.cn/RUmMhZ7","1706","18万","3308","愿我们都能在美食中找到美好公众号FOODTREE私人微信treetreefs有事请加微信或私信","佛山美食/佛山特色/实惠/特色美食/美食达人/时尚/旅游/美食/瘦身/广州美食","佛山广播电视大学/汾江中学/佛山四中/佛山市元甲学校","市政建设工程公司/EG衣櫃连锁/南堤湾seafood烧/新媒体博主","https://tva1.sinaimg.cn/crop.0.0.640.640.180/80695a1ajw8e6wqy2ddbhj20hs0hst9e.jpg","2018-05-04 08:34:03.0962595","https://s.weibo.com/user/%25E7%25BE%258E%25E9%25A3%259F&page=9"
"美食","2722441930","微博个人认证 ","美食控的幸福生活","女","其他","//weibo.com/u/2722441930","微博知名美食帐号 微博签约自媒体","143","316万","10012","不断在旅行中发掘美食、分享攻略的美食控，旅游吃喝攻略找小美！请搜索QQ：800064575，选择“找公众号”进行添加咨询","美食控/食物分享/美食达人/美食爱好者/喜欢好吃的/爱生活/Food",,,"https://tvax4.sinaimg.cn/crop.0.0.1242.1242.180/a2452acaly8flhk4vgfqgj20yi0yi0vp.jpg","2018-05-04 08:34:03.1272806","https://s.weibo.com/user/%25E7%25BE%258E%25E9%25A3%259F&page=9"
"美食","2045192714","微博个人认证 ","深圳美食爆料","女","广东，深圳","//weibo.com/0755u","本地资讯博主（深圳）http://t.cn/RUmMhZ7","1440","34万","5740","最新鲜、最丰富的深圳美食爆料！合作请加QQ：191505384","深圳/深圳大学/美食/时尚/宅/80后","深圳大学",,"https://tva4.sinaimg.cn/crop.0.0.180.180.180/79e72a0ajw1e8qgp5bmzyj2050050aa8.jpg","2018-05-04 08:34:03.1663204","https://s.weibo.com/user/%25E7%25BE%258E%25E9%25A3%259F&page=9"
"美食","2202941172","微博机构认证","陕西美食","女","陕西，西安","//weibo.com/foodplaza","新浪陕西美食频道官方微博","348","27万","10698","这里有浓郁的西北风情、耳熟能详的陕西名吃、诸多美食资讯和精品餐馆，好吃的童鞋们快来关注哦~~在美食中享乐，在分享中快乐，有好吃的记得@我哦！","美食/陕西/旅游美食控/生活/烹饪/养生/健康/蛋糕/甜品",,"新浪陕西","https://tva3.sinaimg.cn/crop.0.0.180.180.180/834e36f4jw1e8qgp5bmzyj2050050aa8.jpg","2018-05-04 08:34:03.2033460","https://s.weibo.com/user/%25E7%25BE%258E%25E9%25A3%259F&page=9"
"美食","1970044714",,"广州美食攻略V","女","广东，广州","//weibo.com/u/1970044714",,"835","5万","35643","广州美食、时尚、团购、着数、折扣、笑话。唔想错过最新鲜嘅广州平靓正资讯就猛点关注！最热广州城事，最新打折优惠，吃喝玩乐样样齐！",,,,"https://tva2.sinaimg.cn/crop.0.0.750.750.180/756c7f2ajw8f45wm6m8vaj20ku0kuta5.jpg","2018-05-04 08:34:09.7611368","https://s.weibo.com/user/%25E7%25BE%258E%25E9%25A3%259F&page=10"
"美食","6452587220",,"人气美食分享","女","福建","//weibo.com/u/6452587220",,"76","16万","2594",,,,,"https://tvax1.sinaimg.cn/crop.0.0.200.200.180/0072GoHqly8fnk2k2vgkdj305k05kwfa.jpg","2018-05-04 08:34:09.8171585","https://s.weibo.com/user/%25E7%25BE%258E%25E9%25A3%259F&page=10"
"美食","1683010264","微博个人认证 ","广州美食大全","女","广东","//weibo.com/u/1683010264","知名本地博主 本地资讯博主（广州）","542","61万","16388","广东美食最新资讯，好玩、好乐，好吃，最有意思的微博，欢迎关注！","美食/广州/旅游美食/粤菜","北京电影学院","猫扑珠海","https://tva3.sinaimg.cn/crop.97.21.244.244.180/6450b2d8jw8eo33sv3753j20c8080q3w.jpg","2018-05-04 08:34:09.8511935","https://s.weibo.com/user/%25E7%25BE%258E%25E9%25A3%259F&page=10"
"美食","6462302281",,"少女美食家","女","福建","//weibo.com/u/6462302281",,"172","16万","4383",,,,,"https://tvax1.sinaimg.cn/crop.0.0.180.180.180/0073la1Xly8fnhr9fh5n2j3050050mx1.jpg","2018-05-04 08:34:09.8782183","https://s.weibo.com/user/%25E7%25BE%258E%25E9%25A3%259F&page=10"
"美食","2051473247","微博个人认证 ","长株潭美食养生","女","湖南，株洲","//weibo.com/8888ss","本地资讯博主（株洲）http://t.cn/RUmMhZ7","117","11万","12040","长株潭公益微博！打造长沙、株洲、湘潭最大最时尚的免费社交平台！转发信息，请@、请私信！只要转发本微博一条并@愿免费为您提供帮助","美容养生馆/母婴知识/营养健康饮食/美食达人/长沙美食/株洲美食/湘潭美食/长株潭美食养生","湖南工业大学","报社","https://tva2.sinaimg.cn/crop.0.0.180.180.180/7a46ff5fjw1e8qgp5bmzyj2050050aa8.jpg","2018-05-04 08:34:09.9032166","https://s.weibo.com/user/%25E7%25BE%258E%25E9%25A3%259F&page=10"
"美食","6458692125",,"人气美食君","女","福建","//weibo.com/u/6458692125",,"95","16万","4466",,,,,"https://tvax4.sinaimg.cn/crop.0.0.200.200.180/007360RDly8fnd56fa3s0j305k05kwff.jpg","2018-05-04 08:34:09.9332498","https://s.weibo.com/user/%25E7%25BE%258E%25E9%25A3%259F&page=10"
"美食","2591278634","微博机构认证","安徽美食","女","安徽，合肥","//weibo.com/ahmsdr","新浪安徽美食频道官方微博","705","75万","17751","@安徽美食—新浪安徽站美食频道官方微博。为安徽的好吃精们推荐安徽最好吃的美食&店铺播报时下最in的美食情报！欢迎好吃精们疯狂投稿@安徽美食新浪安徽美食吃货群：197617158微博拓展：苗女士：18005512170胡女士：18225854699","吃/安徽美食",,"新浪安徽","https://tva2.sinaimg.cn/crop.0.0.179.179.180/9a73c62agw1ejwu9t1hm7j2050050t8y.jpg","2018-05-04 08:34:09.9642711","https://s.weibo.com/user/%25E7%25BE%258E%25E9%25A3%259F&page=10"
"美食","5703118485","微博个人认证 ","轻松教你做美食","女","广东，广州","//weibo.com/cess1","知名美食博主","112","16万","2546","轻松教你做美食","美女/美食/吃货","北京大学","北京燕京啤酒集团公司","https://tvax2.sinaimg.cn/crop.0.0.179.179.180/006dXHE1ly8fnw18xtkpej304z04zjrf.jpg","2018-05-04 08:34:09.9922902","https://s.weibo.com/user/%25E7%25BE%258E%25E9%25A3%259F&page=10"
"美食","6090644885","微博个人认证 ","宇宙无敌美食天团","女","四川，成都","//weibo.com/u/6090644885","微博美食视频自媒体","28","12万","6649","一个优秀的爱豆，首先要能抓住粉丝的胃~",,,,"https://tva1.sinaimg.cn/crop.88.0.469.469.180/006EbIXPjw8fb0htcphi4j30hd0d13zh.jpg","2018-05-04 08:34:10.0403229","https://s.weibo.com/user/%25E7%25BE%258E%25E9%25A3%259F&page=10"
"美食","5633043427","微博机构认证","YHOUSE美食攻略菌","女","海外","//weibo.com/yhousevip","YHOUSE 上海悦会信息科技有限公司 官方微博","333","26万","3993","YHOUSE与你探索100种生活Ὁ","移动社区/高端生活/派对/高端/社交/精英",,,"https://tvax4.sinaimg.cn/crop.11.19.157.157.180/0069dFV9ly8fejwp7tsfcj3050050mx2.jpg","2018-05-04 08:34:10.0743460","https://s.weibo.com/user/%25E7%25BE%258E%25E9%25A3%259F&page=10"
"美食","5031382618","微博个人认证 ","美食寨大王","女","辽宁，沈阳","//weibo.com/u/5031382618","知名美食博主","259","18万","323","爱吃，沉迷小说和游戏，被迫害妄想症的小姐姐❤️","名人明星","辽宁大学",,"https://tvax1.sinaimg.cn/crop.7.0.498.498.180/005uvasyly8flah9lo4u4j30e80duwep.jpg","2018-05-04 08:34:10.1453938","https://s.weibo.com/user/%25E7%25BE%258E%25E9%25A3%259F&page=10"
"美食","2437358981",,"成都美食导航","女","四川","//weibo.com/u/2437358981",,"1906","26万","11248","吃饭不积极，思想有问题！",,,,"https://tva3.sinaimg.cn/crop.0.0.180.180.180/91472585jw1e8qgp5bmzyj2050050aa8.jpg","2018-05-04 08:34:10.1794169","https://s.weibo.com/user/%25E7%25BE%258E%25E9%25A3%259F&page=10"
"美食","2578522041",,"苏州美食导航","女","江苏","//weibo.com/u/2578522041",,"1515","19万","2971","吃饭不积极，思想有问题！qq2761952976",,,,"https://tva1.sinaimg.cn/crop.0.0.180.180.180/99b11fb9jw1e8qgp5bmzyj2050050aa8.jpg","2018-05-04 08:34:10.2034214","https://s.weibo.com/user/%25E7%25BE%258E%25E9%25A3%259F&page=10"
"美食","5848017338","微博个人认证 ","逍遥王美食世界","女","安徽，合肥","//weibo.com/xywmssj","知名美食博主 美食视频自媒体","99","17万","8495","关注@逍遥王美食世界喜欢美食，喜欢结交同样喜爱美食的吃货朋友们。微信公众号：xyw9688","美食/养生/菜谱/美食攻略/面食/中餐/西餐","上海商学院","合作qq2889914008","https://tva1.sinaimg.cn/crop.38.0.883.883.180/006nLGsijw8f1z4pwkfogj30rs0ojadl.jpg","2018-05-04 08:34:10.2294510","https://s.weibo.com/user/%25E7%25BE%258E%25E9%25A3%259F&page=10"
"美食","2445915771","微博个人认证 ","济南美食","女","山东，济南","//weibo.com/u/2445915771","本地资讯博主（济南） 知名美食博主 头条文章作者","1670","24万","4298","吃饭不积极，思想有问题。不定期翻牌！欢迎投稿~","吃货/济南美食/济南身边事/济南生活/济南学生/泉城","山东大学",,"https://tvax4.sinaimg.cn/crop.0.0.512.512.180/91c9b67bly8fg73622x71j20e80e8t9c.jpg","2018-05-04 08:34:10.2524697","https://s.weibo.com/user/%25E7%25BE%258E%25E9%25A3%259F&page=10"
"美食","5045711753","微博达人","淘宝零食美食小吃优惠券专区","女","其他","//weibo.com/u/5045711753",,"504","11万","19062","告诉我喜欢吃什么专门负责帮你们挖券","吃货一枚/购物狂/购物达人/淘宝控/零食/零食控/零食达人/淘宝优惠券/优惠券",,,"https://tvax3.sinaimg.cn/crop.0.0.287.287.180/005vti7Dly8fnamsbssmpj307z07zaab.jpg","2018-05-04 08:34:10.2774841","https://s.weibo.com/user/%25E7%25BE%258E%25E9%25A3%259F&page=10"
"美食","2446824197","微博个人认证 ","呷长沙美食","女","湖南","//weibo.com/u/2446824197","本地资讯博主（长沙）http://t.cn/RUmMhZ7","1566","36万","4247","汇集长沙8千家餐厅小吃、美食图片大众点评，任您搜索！爱长沙，爱美食，有好吃的要记得@我",,"湖南大学",,"https://tva3.sinaimg.cn/crop.0.0.179.179.180/91d79305gw1eed9eber40j20500500sx.jpg","2018-05-04 08:34:10.3065041","https://s.weibo.com/user/%25E7%25BE%258E%25E9%25A3%259F&page=10"
"美食","2858469881","微博个人认证 ","美食评选团","女","福建","//weibo.com/u/2858469881","知名美食博主 美食视频自媒体","1648","543万","52402","商务合作加QQ297906068","做梦/汽車/旅行/摄影/旅游达人/摄影师","漳州职业技术学院/财贸学校","1","https://tva4.sinaimg.cn/crop.0.0.750.750.180/aa60c9f9jw8f23si67481j20ku0ku0tu.jpg","2018-05-04 08:34:10.3345231","https://s.weibo.com/user/%25E7%25BE%258E%25E9%25A3%259F&page=10"
"美食","6459310414",,"人气美食达人","女","福建","//weibo.com/u/6459310414",,"114","16万","4432",,,,,"https://tvax3.sinaimg.cn/crop.123.2.370.370.180/00738BI2ly8fne0qdsd60j30dw0adwf9.jpg","2018-05-04 08:34:10.3665449","https://s.weibo.com/user/%25E7%25BE%258E%25E9%25A3%259F&page=10"
"美食","3318080835","微博个人认证 ","全球美食大事件","女","北京，东城区","//weibo.com/u/3318080835","知名美食博主","116","232万","644","《全球美食大事件》——美食是不分贵贱的，只要是自己喜欢的，都可以称之为美食。","街头美食/美食/全球美食/旅游/美食分享者/创意美食/我爱美食/美食达人/美食爱好者/美食控","北京大学","北京心心美食创意部","https://tvax4.sinaimg.cn/crop.30.0.447.447.180/c5c5e543ly8fpsnepgwjcj20em0cugm6.jpg","2018-05-04 08:34:10.3955517","https://s.weibo.com/user/%25E7%25BE%258E%25E9%25A3%259F&page=10"
